feature,importance
make,0.02784603141900872
model,0.23812412894703777
color,0.009609233564898133
city,0.004241168089958824
state,0.037430383230848796
zip_code,0.0008485331315343236
year_num,0.5471141211345509
mileage_num,0.711459524646686
