feature,importance
make,0.00884378009667126
model,0.14929386498933145
color,0.0
city,0.0
state,0.03994405454348211
zip_code,0.0
year_num,0.40421595220127526
mileage_num,0.5723071702565562
