feature,importance
make,0.0
model,0.0
color,0.025834734055206733
city,0.0
state,0.0
zip_code,0.0
year_num,0.8974193092290115
mileage_num,0.16015458100669774
