feature,importance
make,0.008054051398367812
model,0.0
color,0.036130017436011894
city,0.0
state,0.0
zip_code,0.0
year_num,0.9586636864277059
mileage_num,0.3552326083490974
