feature,importance
make,0.041623469119919786
model,0.22189389073936844
color,0.01303952429024029
city,0.005849462221663737
state,0.03994405454348211
zip_code,0.0
year_num,0.5599165695900836
mileage_num,0.7520072489773305
