feature,importance
make,0.07797477705019758
model,0.016052463401780903
color,0.09652800641013934
city,0.0012592217795440064
state,0.0
zip_code,0.001348655627297446
year_num,0.5992184105719537
mileage_num,0.5480983190553389
