feature,importance
make,0.08622627049321478
model,0.10124230318429354
color,0.05186338452733288
city,0.0484381279776851
state,0.012422858022576056
zip_code,0.0008622145427044537
year_num,0.7074890932466202
mileage_num,0.8248629060225948
