feature,importance
make,0.30212832948962454
model,0.19194834443645678
color,0.0073211065868215245
city,0.004978249166885673
state,0.09134989156428104
zip_code,0.0024404632039086937
year_num,0.8898128702776882
mileage_num,0.4952305313655619
