feature,importance
make,0.138346779109852
model,0.6913026148373878
color,0.001496899110529215
city,0.02832820933663276
state,0.002760811317000944
zip_code,0.0
year_num,0.6514851016917496
mileage_num,0.25143292462531497
