feature,importance
make,0.11525727031657713
model,0.2928900146720969
color,0.030742499302276148
city,0.1406420489347279
state,0.08409018872764025
zip_code,0.007120509724156477
year_num,0.816613682547773
mileage_num,0.5687576586106589
