feature,importance
make,0.23201914303142407
model,0.05041727042138309
color,0.01443291587509774
city,0.006795334161944578
state,0.06248688037707702
zip_code,0.0022492727684723323
year_num,0.7547450255926161
mileage_num,0.7258128093338991
