feature,importance
make,0.12149854466215555
model,0.6989817762989516
color,0.0014039203389032639
city,0.025426754272403616
state,0.002023590528699759
zip_code,0.0
year_num,0.6320770026882345
mileage_num,0.2587832459180632
