feature,importance
make,0.10829555039895204
model,0.07260999097631056
color,0.022404676962779903
city,0.11101574996141757
state,0.001180260259991317
zip_code,0.0016793170042143312
year_num,1.2949265054573948
mileage_num,0.4551898615410357
