feature,importance
make,0.036889244747274084
model,0.23858050974542816
color,0.03426622966482087
city,0.050289665641292246
state,0.00700293544143209
zip_code,0.000251621257534862
year_num,0.32072568766906856
mileage_num,0.7512443919174948
