feature,importance
make,0.15329731098254648
model,0.3040107625511216
color,0.013150543059623376
city,0.040390573013586326
state,0.2183921816697191
zip_code,0.03661322093369164
year_num,0.47769307369207237
mileage_num,0.45909260232044347
