feature,importance
make,0.14818689654012246
model,0.21327604527487037
color,0.02657263164361434
city,0.03621867034643196
state,0.054648040320688
zip_code,0.001937212951795142
year_num,0.4829012252125719
mileage_num,0.72815048900239
