feature,importance
make,0.05107453790076795
model,0.1798441419579654
color,0.008218533246457004
city,0.1077834450932145
state,0.08651443725570043
zip_code,0.031126648684481607
year_num,0.45984762028024456
mileage_num,0.5780623574090679
