feature,importance
make,0.13613979958822442
model,0.3090716774471868
color,0.03268155393990661
city,0.09400208127183118
state,0.006354384337940178
zip_code,0.00048642336246271787
year_num,0.6760014494212252
mileage_num,0.806767393222519
