feature,importance
make,0.05146965208873202
model,0.0023841595614949806
color,0.006416043850644315
city,0.04385812628721568
state,0.00875601570320883
zip_code,0.0007733409081907228
year_num,0.7096970801610094
mileage_num,0.31951085497778087
