feature,importance
make,0.06503880478167257
model,0.015205607616803608
color,0.012191999199674486
city,0.041676828876884064
state,0.0
zip_code,0.004062889811918579
year_num,0.5004768885559279
mileage_num,0.7447484270379536
