feature,importance
make,0.07526515659928443
model,0.2894726433673106
color,0.030066645927879287
city,0.1411572605716059
state,0.054834324238810364
zip_code,0.001319313944346212
year_num,0.7304571784636346
mileage_num,0.6049032141536801
