feature,importance
make,0.07335485519089675
model,0.06625876230497048
color,0.03511654398814608
city,0.1310004925835822
state,0.001143153719015011
zip_code,0.0007453823901590661
year_num,1.2527199229468797
mileage_num,0.491399091211487
