feature,importance
make,0.1682968388443074
model,0.07117048398860548
color,0.02649373827051573
city,0.04941823230218849
state,0.0
zip_code,0.0020541218554491316
year_num,0.5923521598080621
mileage_num,1.0924378069796121
