feature,importance
make,0.2000016392210408
model,0.0743669060024583
color,0.03816581966614343
city,0.0029099091222456906
state,0.02844237150639999
zip_code,0.0026515220317407497
year_num,0.6791537396159484
mileage_num,0.7420740601406086
