feature,importance
make,0.47834533931936996
model,0.05612717297271226
color,0.01171075923717435
city,0.0
state,0.005149225691884696
zip_code,0.0
year_num,1.410363550210946
mileage_num,0.31571436660799784
