feature,importance
make,0.13479918002213087
model,0.048865418696278765
color,0.05965854653477447
city,0.046925856314613365
state,0.0028701117161729073
zip_code,0.0
year_num,0.9714665601470205
mileage_num,0.7670186104057589
