feature,importance
make,0.1153287412207771
model,0.6549477909455076
color,0.02353372831826317
city,0.08058859885155414
state,0.09363867189127517
zip_code,0.010408227528718016
year_num,0.5595229697487534
mileage_num,0.47061611007426096
