feature,importance
make,0.168990345463779
model,0.3519841475142476
color,0.009313474585725423
city,0.0057502071132901735
state,0.0007395651448621532
zip_code,0.0012413233004602508
year_num,0.5774701707497203
mileage_num,0.8234252040627092
