feature,importance
make,0.12897572451277795
model,0.12789639538980516
color,0.011841726059568524
city,0.04920016058941905
state,0.0013476850527893935
zip_code,0.00011894712005844355
year_num,0.5521238833249216
mileage_num,0.8648134036585795
