feature,importance
make,0.06207417475349954
model,0.011137652160221955
color,0.024383691592211144
city,0.031265276095388206
state,0.0
zip_code,0.0004999691604067547
year_num,0.7766683976530645
mileage_num,0.5191603118187454
