feature,importance
make,0.00012667883991865914
model,0.0
color,0.020626824191975257
city,0.0
state,0.0
zip_code,0.0
year_num,0.8189878766670358
mileage_num,0.09066290970028112
