feature,importance
make,0.22445038050731045
model,0.0
color,0.010916590006261263
city,0.03919778249384487
state,0.009392555683888904
zip_code,0.0023422296644242113
year_num,0.2578073642442435
mileage_num,0.5073833342313454
