feature,importance
make,0.21831853273717222
model,0.05147904159798018
color,0.01198144164238928
city,0.007798628188467193
state,0.06409238693230276
zip_code,0.001960920284949985
year_num,0.7441739392052293
mileage_num,0.7008730403962826
