feature,importance
make,0.11180355231064791
model,0.6015095745513735
color,0.016489573187535588
city,0.0056340618160492404
state,0.025380759017030276
zip_code,0.0
year_num,0.46891348532316224
mileage_num,0.38137785498771076
