feature,importance
make,0.153055569214425
model,0.08656045877974836
color,0.02493024279578715
city,0.02658621148877587
state,0.0160704208986276
zip_code,0.001467715977535411
year_num,0.6584300902129138
mileage_num,0.7913583093608931
