feature,importance
make,0.07156135279466842
model,0.5075425890102343
color,0.04623408329067267
city,0.025011258585805708
state,0.01615379075068628
zip_code,0.043320449494926215
year_num,0.25677938124793365
mileage_num,0.5462931933555744
