feature,importance
make,0.09074858283335907
model,0.3673621424806264
color,0.04761705442560131
city,0.0234660922622985
state,0.03471532247904703
zip_code,0.0012783010307388265
year_num,0.44075201197364616
mileage_num,0.7507076178538865
