feature,importance
make,0.07910302512429201
model,0.02177808000188395
color,0.0683980336151443
city,0.0
state,0.0
zip_code,0.0
year_num,0.8160695790796394
mileage_num,0.6712490023805345
