feature,importance
make,0.09574605071899925
model,0.12056429496547141
color,0.01395505937497632
city,0.08286536535582974
state,0.0
zip_code,0.0020007979954346665
year_num,0.6745410786987317
mileage_num,1.0272286577520302
