feature,importance
make,0.06143037181392519
model,0.07777339094048463
color,0.013719378680542581
city,0.04146876025741682
state,0.0025430250640004815
zip_code,0.000618694565079414
year_num,0.4862960608274148
mileage_num,1.1238125134802956
