feature,importance
make,0.1037242069430617
model,0.7257210489781223
color,0.03300277608713713
city,0.03076076659770539
state,0.03426626427629538
zip_code,0.0047370644752840144
year_num,0.5252057940770698
mileage_num,0.47582062161054106
