feature,importance
make,0.16493572173250065
model,0.2444851435015723
color,0.015797861649240776
city,0.04210147318857123
state,0.12748664587783015
zip_code,0.015298369553597646
year_num,0.5585294046680125
mileage_num,0.5385419811705568
