feature,importance
make,0.14986638202621386
model,0.030692211533500637
color,0.1560516885033626
city,0.018012199717049614
state,0.007381541490509558
zip_code,0.0012820623407773456
year_num,0.9395100134281759
mileage_num,0.6173033570003028
