feature,importance
make,0.12848151595861956
model,0.03729456116821735
color,0.01069030836520335
city,0.000786115765589801
state,0.002034092533417109
zip_code,0.0
year_num,0.6305128123304815
mileage_num,0.9697035896851013
