feature,importance
make,0.1624940730987003
model,0.17226925262506793
color,0.010069558087393116
city,0.023441667645866592
state,0.0018687364976499587
zip_code,0.0
year_num,0.4925168025809416
mileage_num,0.8340260631243476
