feature,importance
make,0.17143596355807567
model,0.2617757742056783
color,0.015919295959516154
city,0.1348718910254335
state,0.012325842453565739
zip_code,0.0011795427697337767
year_num,0.6330915109469158
mileage_num,0.6419937138384503
