feature,importance
make,0.07361681867190399
model,0.0
color,0.00609352066786899
city,0.0
state,0.0
zip_code,0.0
year_num,0.5877450301990093
mileage_num,0.6931410889848598
