feature,importance
make,0.04521846546926096
model,0.23237633763724608
color,0.021638813031296045
city,0.029480812251419318
state,0.003170144581875589
zip_code,0.003663741971153822
year_num,0.2404447430772898
mileage_num,0.8666553781028133
