feature,importance
make,0.17942720723033323
model,0.6959118390177977
color,0.004231871473280524
city,0.031357976724757194
state,0.0024331590830036997
zip_code,0.0014082455313415786
year_num,0.662763767617679
mileage_num,0.26608487237917683
