feature,importance
make,0.12908746571031116
model,0.17411279411212988
color,0.0
city,0.0017279444350377648
state,0.0018471131610177105
zip_code,0.0
year_num,0.6311584826315215
mileage_num,0.6209517233573516
