feature,importance
make,0.055396951181767996
model,0.02097787827829909
color,0.022954105613557686
city,0.11563754792174911
state,0.0011701716096195636
zip_code,0.0015461815389484989
year_num,0.5184428202392475
mileage_num,1.1063386704854636
