feature,importance
make,0.1376050666532093
model,0.4001936615406424
color,0.03441016047967953
city,0.012155136932442412
state,0.01937141544251586
zip_code,0.00436699271374672
year_num,0.45535729457878826
mileage_num,0.7266884540296273
