feature,importance
make,0.10844317268254393
model,0.030169759842333367
color,0.09128732533137947
city,0.0008472680594604931
state,0.0
zip_code,0.0015951634661086178
year_num,0.9626309803376272
mileage_num,1.333111607860193
