feature,importance
make,0.1201620523951498
model,0.1954836735692867
color,0.015197987031235404
city,0.007972697646844829
state,0.06826041582139612
zip_code,0.00039915985699174873
year_num,0.40384438987618526
mileage_num,0.48585051154284953
