feature,importance
make,0.07930101035466844
model,0.29054183216375346
color,0.04655962946907995
city,0.064060755408424
state,0.021161265281842322
zip_code,0.006743224762733613
year_num,0.6358354475904555
mileage_num,0.7642529696279791
