feature,importance
make,0.15951196089358233
model,0.1991343413763905
color,0.02771017688223638
city,0.10317008218482764
state,0.0003584767381357157
zip_code,0.0007601536108030382
year_num,0.8863719774033297
mileage_num,0.5006365549444826
