feature,importance
make,0.3700907564663968
model,0.02446452916777102
color,0.058001523010248614
city,0.03962538997753251
state,0.0
zip_code,0.0
year_num,1.5329933636970208
mileage_num,0.5521719974268187
