feature,importance
make,0.159032158777408
model,0.2696724894599932
color,0.0123460553330059
city,0.00040356726494370496
state,0.0
zip_code,0.001225253838337248
year_num,0.398646588462236
mileage_num,0.8875585146082386
