feature,importance
make,0.06891728190239901
model,0.0007030429134660343
color,0.018353454387386493
city,0.04926783482425332
state,0.0
zip_code,0.0020341553551026736
year_num,0.2888281344859974
mileage_num,0.6536558566325322
