feature,importance
make,0.2183581581935276
model,0.03927918005279287
color,0.007332737660299626
city,0.003865384261463789
state,0.06265822133242616
zip_code,0.0008867520495428938
year_num,0.6661794301906406
mileage_num,0.7105339113922096
