feature,importance
make,0.09878099013379393
model,0.8275311185048759
color,0.042560792935195324
city,0.07035862116445064
state,0.0
zip_code,0.008169996522574507
year_num,0.49746428447452173
mileage_num,0.47760116145562115
