feature,importance
make,0.048494235918335196
model,0.07542678514477774
color,0.009396090093663313
city,0.03681314060024932
state,0.0024724653909000026
zip_code,0.0005992060837837875
year_num,0.5013505977034265
mileage_num,1.0395103640395043
