feature,importance
make,0.08375478494353436
model,0.6319357302588774
color,0.006401574924020314
city,0.03179475360471562
state,0.0
zip_code,0.0006958062867371551
year_num,0.4754897859368297
mileage_num,0.45526689814713384
