feature,importance
make,0.09612172399953971
model,0.3124417205776605
color,0.012095865496978098
city,0.10846376479221971
state,0.08560653077563593
zip_code,0.0
year_num,0.5124912477654331
mileage_num,0.46781722964098693
