feature,importance
make,0.09591210953866836
model,0.7788496198922102
color,0.04402720700550986
city,0.0501582220174694
state,0.059713569123215814
zip_code,0.0
year_num,0.4480691290640699
mileage_num,0.4665787055913815
