feature,importance
make,0.0
model,0.0
color,0.01725095232418634
city,0.0005766549671882392
state,0.0
zip_code,0.0
year_num,0.22058249805474112
mileage_num,0.6080999648150966
