feature,importance
make,0.21663965567634738
model,0.12259836579391026
color,0.030649456085443384
city,0.0589046125938741
state,0.0055200372885505725
zip_code,1.6382552551763574e-05
year_num,0.7331489732413572
mileage_num,0.9970730560110603
