feature,importance
make,0.137320444116562
model,0.8191761272858866
color,0.1562036206623989
city,0.015308475165108448
state,0.06364287658961909
zip_code,0.0014108788257303218
year_num,0.5397971419328902
mileage_num,0.5593925089593952
