feature,importance
make,0.12538594439790068
model,0.34652426770258044
color,0.03120205766332418
city,0.09457350987181187
state,0.07848692227091758
zip_code,0.03632430579362598
year_num,0.554208275604577
mileage_num,0.6744412249732271
