feature,importance
make,0.0
model,0.0
color,0.02963143731976676
city,0.00028546423550057654
state,0.0
zip_code,0.0
year_num,0.27467398013264727
mileage_num,0.6266641707063547
