feature,importance
make,0.15405440769796627
model,0.10959859118571472
color,0.01098271131047639
city,0.000720015710941957
state,0.029150238599484558
zip_code,0.0018075686637062827
year_num,0.7327609489124903
mileage_num,0.7572867674439935
