feature,importance
make,0.015127559887988173
model,0.30279425031985413
color,0.0
city,0.007110041608393037
state,0.010879839383878109
zip_code,0.0
year_num,0.4042464712660929
mileage_num,0.7376039729376089
