feature,importance
make,0.04378507239689526
model,0.18969268361357858
color,0.005749688505248529
city,0.07977182141456071
state,0.06561035061036384
zip_code,0.019794660759281622
year_num,0.5436601001002493
mileage_num,0.5543702842551295
