feature,importance
make,0.1438286079134748
model,0.06153621507342592
color,0.018864185305728955
city,0.043200961184172916
state,0.026157544863445747
zip_code,0.005062924049237449
year_num,0.7519712470771353
mileage_num,0.827660751155946
