feature,importance
make,0.16916597965323862
model,0.0576561965213082
color,0.022517686607644548
city,0.0026004505588854256
state,0.0036191542895058102
zip_code,0.000742997590095662
year_num,1.1413047897014592
mileage_num,0.6471317906147316
