feature,importance
make,0.10899400276644652
model,0.060361747229988105
color,0.09701440801803071
city,0.1366717886657431
state,0.005215578957172817
zip_code,0.00023494443409397548
year_num,1.0710675830767922
mileage_num,0.6498866270877613
