feature,importance
make,0.24487246456742523
model,0.004632246247022742
color,0.15395668680833513
city,0.016189397015929675
state,0.0
zip_code,0.0
year_num,0.7129598190186772
mileage_num,1.0112590751916102
