feature,importance
make,0.12098374883171167
model,0.669416851324193
color,0.005410229564854196
city,0.05033720501437322
state,0.08423135792232166
zip_code,0.0
year_num,0.7403482484972995
mileage_num,0.28726312342360993
