feature,importance
make,0.09127331682542153
model,0.8182636612845471
color,0.047084350413371404
city,0.07088356668900087
state,0.0
zip_code,0.0007713990057285792
year_num,0.483533817262621
mileage_num,0.4509061985267884
