feature,importance
make,0.10618189767577928
model,0.344469300816158
color,0.029782524050638238
city,0.014906222715846674
state,0.0
zip_code,0.04815220495725399
year_num,0.5035664610128581
mileage_num,0.6745859414052076
