feature,importance
make,0.19869733885938007
model,0.026049655678212314
color,0.014347214931757502
city,0.022180688076117373
state,0.003410564147396511
zip_code,0.0012798275051055352
year_num,1.1355149738506667
mileage_num,0.6364921719002344
