feature,importance
make,0.016578931018910635
model,0.4014328394639981
color,0.02105160912105779
city,0.01838482105009893
state,0.0
zip_code,0.0
year_num,0.24746490254102266
mileage_num,0.840495422125862
