feature,importance
make,0.14176540511983132
model,0.1997948694311586
color,0.05868092831387457
city,0.04608059600289258
state,0.08176611172560595
zip_code,0.001215649081804271
year_num,0.6396336439510157
mileage_num,0.5730968134425108
