feature,importance
make,0.09665964855368658
model,0.804525332133575
color,0.05087645089736108
city,0.06535263573110894
state,0.0
zip_code,0.0006726827828213322
year_num,0.510578715341161
mileage_num,0.45959994027591744
