feature,importance
make,0.2894470724421433
model,0.0227841849278686
color,0.023362870891852273
city,0.00040507732765537874
state,0.0
zip_code,0.0
year_num,1.2969423883022624
mileage_num,0.26857256128192253
