feature,importance
make,0.13939093127331484
model,0.6240078928599899
color,0.025654330386307645
city,0.022925989240904655
state,0.03515889807061105
zip_code,0.002666447200059685
year_num,0.5819317907486442
mileage_num,0.5276949824561484
