feature,importance
make,0.05024287507640364
model,0.2974923837501399
color,0.0062380849259426
city,0.0
state,0.013391817359500768
zip_code,0.0
year_num,0.405012593768218
mileage_num,0.6757036658046898
