feature,importance
make,0.13296088732901398
model,0.47873263712288605
color,0.09965216719615529
city,0.11155869796341658
state,0.000484599573586042
zip_code,0.001581236988465573
year_num,0.7243239976619797
mileage_num,0.6895018955655282
