feature,importance
make,0.08582695793548563
model,0.22048882983993678
color,0.012256233169464337
city,0.10084569334250874
state,0.0024829511758498236
zip_code,0.0003228786017207552
year_num,0.7543196885343713
mileage_num,0.5496821570347954
