feature,importance
make,0.14178159098375434
model,0.780545607941226
color,0.053174436264528155
city,0.028933335660102054
state,0.0006107262929313073
zip_code,0.006626109779932743
year_num,0.4915352015919711
mileage_num,0.5141896870380954
