feature,importance
make,0.00786147414566003
model,0.0
color,0.00748549978484867
city,0.0
state,0.0
zip_code,0.0
year_num,0.7942560085963355
mileage_num,0.08707572496011498
