feature,importance
make,0.13462758837749572
model,0.17391294710398406
color,0.027924706795768216
city,0.006305897534002991
state,0.0038418021328784136
zip_code,0.0017643559346480764
year_num,0.5172999520046413
mileage_num,0.9061659043953423
