feature,importance
make,0.24492164483037526
model,0.04905868689823958
color,0.006221211324026643
city,0.0015715844208904705
state,0.06162606426451769
zip_code,0.0012572563572655015
year_num,0.6010633695889925
mileage_num,0.7196309208746119
