feature,importance
make,0.07199712288187447
model,0.28832760822037107
color,0.03559774613490685
city,0.10875762911133675
state,0.0
zip_code,0.0006218348671776841
year_num,0.6136016002624178
mileage_num,0.7825230495848671
