feature,importance
make,0.07343839618061414
model,0.5271796237880437
color,0.009053090057491464
city,0.01208630541165685
state,0.007735961171053773
zip_code,0.003835037574599487
year_num,0.3866059544452232
mileage_num,0.38727741987779724
