feature,importance
make,0.11317957367336211
model,0.013518569043234629
color,0.013004281218101332
city,0.024300885066155707
state,0.0
zip_code,0.0
year_num,1.0143219701591328
mileage_num,0.5409514607011509
