feature,importance
make,0.21868526365214516
model,0.7954211801088319
color,0.11442897939446876
city,0.015713998254285412
state,0.04578984997409996
zip_code,0.001188217947506187
year_num,0.5693934285127417
mileage_num,0.576829282333854
