feature,importance
make,0.0
model,0.0
color,0.02103317928635866
city,0.00030219718167221463
state,0.0
zip_code,0.0
year_num,0.20468409995923195
mileage_num,0.5699672487592643
