feature,importance
make,0.0
model,0.0
color,0.025306964482170867
city,0.0005842799482947969
state,0.0
zip_code,0.0
year_num,0.3077399559947471
mileage_num,0.6477272342580459
