feature,importance
make,0.027390930817176452
model,0.00542505243297513
color,0.011232572530248851
city,0.030047063279762032
state,0.0
zip_code,0.0
year_num,0.7449655038276575
mileage_num,0.27025778528424943
