feature,importance
make,0.551509862656804
model,0.01934959387643942
color,0.018766958424130474
city,0.0010901527342580986
state,0.006010267379662193
zip_code,0.0
year_num,1.5215717257344736
mileage_num,0.33511555628534584
