feature,importance
make,0.17018965181085294
model,0.703829200726504
color,0.054510844616034615
city,0.028799375202551047
state,0.0
zip_code,0.001964810068557843
year_num,0.4579536242455985
mileage_num,0.5092968099779446
