feature,importance
make,0.002004179581755405
model,0.0
color,0.03457355037741698
city,0.0039944966966822815
state,0.0
zip_code,0.0
year_num,0.2533049818608258
mileage_num,0.7775781009582747
