feature,importance
make,0.0
model,0.0
color,0.004676126076379017
city,0.0
state,0.0
zip_code,0.0
year_num,0.8624024880963586
mileage_num,0.11141222103427414
