feature,importance
make,0.1251494065581544
model,0.07539887767504856
color,0.07179901437857913
city,0.005202871029779876
state,0.0
zip_code,0.0
year_num,0.8581693948036276
mileage_num,0.9590246767537352
