feature,importance
make,0.0945331844400823
model,0.19848362843441275
color,0.034597783546039505
city,0.03261916190971144
state,0.014080879508006494
zip_code,0.0028535457109913455
year_num,0.34451334251243093
mileage_num,0.8185722981282046
