feature,importance
make,0.1272102963584305
model,0.5196321705875142
color,0.055529990790801696
city,0.029575214636425363
state,0.0
zip_code,0.00020172737008630203
year_num,0.611047130494837
mileage_num,0.7178454529780961
