feature,importance
make,0.05632952600298387
model,0.8614376781407088
color,0.037195420555923044
city,0.04845550318221896
state,0.00028926811295471033
zip_code,0.007025730807761854
year_num,0.4785306040564624
mileage_num,0.4927952916984177
