feature,importance
make,0.17472392730505631
model,0.13095339813785525
color,0.03018697365245939
city,0.0078408220767745
state,0.0007034456718717497
zip_code,0.0013910708596651
year_num,0.5347316172836004
mileage_num,0.9315283425849913
