feature,importance
make,0.20491438788718033
model,0.0020753869076146625
color,0.011273464600628724
city,0.041072681261758226
state,0.00986451416285703
zip_code,0.0016708145328617086
year_num,0.29285773586494307
mileage_num,0.5332951567048017
