feature,importance
make,0.12120021841558344
model,0.453447543004937
color,0.11664899219403306
city,0.07976531649562138
state,0.11535471029292846
zip_code,0.048567119581299154
year_num,0.7794118322490953
mileage_num,0.5426288399743946
