feature,importance
make,0.12411505719419624
model,0.06958684848451335
color,0.047568957222033935
city,0.0016494719967772742
state,0.0
zip_code,0.0
year_num,0.7852768924620932
mileage_num,1.0066953297988601
