feature,importance
make,0.1008256373915061
model,0.02742261227391891
color,0.011735695633173115
city,0.03814197331271496
state,0.0015931299734842862
zip_code,0.0017180374874621097
year_num,0.5110893896831222
mileage_num,1.116038120792426
