feature,importance
make,0.0667665320353716
model,0.025868191373943382
color,0.02196541678179751
city,0.05749750441680177
state,0.0
zip_code,0.0
year_num,0.9415182429593016
mileage_num,0.6655095001321383
