feature,importance
make,0.14089385609497573
model,0.49942007201857164
color,0.08901052877626654
city,0.12208782412130251
state,0.0003681334791053592
zip_code,0.0006962883099673967
year_num,0.6740371444836598
mileage_num,0.7709605298089766
