feature,importance
make,0.08802576510047751
model,0.29451780934701643
color,0.02451097479519875
city,0.0
state,0.03945756190454301
zip_code,0.0
year_num,0.47236334211966646
mileage_num,0.5473322638634348
