feature,importance
make,0.15990288265134858
model,0.0460348734795659
color,0.017746606124946763
city,0.0013016731089986466
state,0.0025107877047325865
zip_code,0.0005849680495186194
year_num,1.1872683075138617
mileage_num,0.6825428646634144
