feature,importance
make,0.11636514793289995
model,0.25562299498115787
color,0.005775316616771065
city,0.02967755502917433
state,0.17971418148458296
zip_code,0.022064006624911658
year_num,0.39435369699868994
mileage_num,0.41291610342165824
