feature,importance
make,0.09521585409184315
model,0.47264294908941873
color,0.07396749594147026
city,0.12221156248993481
state,0.006268259575204604
zip_code,0.0003277431908767614
year_num,0.6517077037158321
mileage_num,0.745182762306692
