feature,importance
make,0.1666262379754888
model,0.21637402887530194
color,0.03867899533437298
city,0.03085276249723854
state,0.06392725714955136
zip_code,0.002540482117024756
year_num,0.7215892838311149
mileage_num,0.7311166892387047
