feature,importance
make,0.1865762010182449
model,0.0
color,0.0060832375992989855
city,0.07159213288131061
state,0.030580278754038414
zip_code,0.0011905573357518183
year_num,0.2999321700124208
mileage_num,0.46234557075380894
