feature,importance
make,0.11384741680622819
model,0.10673047598922902
color,0.007992886338205251
city,0.04828086369967073
state,0.002711703370655516
zip_code,0.0001059609675961859
year_num,1.1108592530314
mileage_num,0.7091486342343795
