feature,importance
make,0.09719209263634968
model,0.21441567649038715
color,0.012682293040328441
city,0.08868076684108225
state,0.0015459749550757352
zip_code,0.0009442349181153498
year_num,0.6738388839864446
mileage_num,0.6488036485576144
