feature,importance
make,0.10060163171666907
model,0.4782216583644254
color,0.07988424869148322
city,0.0018943320427593502
state,0.0024132761864191555
zip_code,0.0
year_num,0.4044288521410843
mileage_num,0.8564401002798869
