feature,importance
make,0.09716070537317478
model,0.194467389091539
color,0.02132329014907166
city,0.08987484186751937
state,1.4933679187922877e-05
zip_code,0.0020526245256867527
year_num,0.5868770986274792
mileage_num,0.6231389258254929
