feature,importance
make,0.0
model,0.0
color,0.014561431511523958
city,0.000343317040109703
state,0.0
zip_code,0.0
year_num,0.23054451743886656
mileage_num,0.6141960618367099
