feature,importance
make,0.21450813412099282
model,0.00012988571158984997
color,0.006663566789547448
city,0.021758429885728313
state,0.03559399876604437
zip_code,0.008486915535878792
year_num,0.35583756370669767
mileage_num,0.4523791730243817
