feature,importance
make,0.1392846188093588
model,0.10205629532450877
color,0.06185913476374061
city,0.02995666803222379
state,0.0024090965865634973
zip_code,0.0002732381415587959
year_num,0.9978899109935091
mileage_num,0.9511808066224381
