feature,importance
make,0.16230611789839108
model,0.03922716883007822
color,0.023812893016425352
city,0.0353929463960261
state,0.048135309411061034
zip_code,0.0027943169581834625
year_num,0.7329930763833985
mileage_num,0.6070929948386055
