feature,importance
make,0.3558937996587951
model,0.0
color,0.0
city,0.0
state,0.0
zip_code,0.0
year_num,1.4749724036595442
mileage_num,0.2354868652101584
