feature,importance
make,0.1405590396346838
model,0.06030560360954014
color,0.0006257708773842463
city,0.04308236875474827
state,0.06768545029019753
zip_code,0.0
year_num,0.6391840449855912
mileage_num,0.5904030971075145
