feature,importance
make,0.1340106245252555
model,0.26260674727771205
color,0.0017980016838808678
city,0.012366213002172822
state,0.0065444677767952705
zip_code,0.0
year_num,0.6659497664096653
mileage_num,0.5864709461501642
