feature,importance
make,0.23887905345588578
model,0.15728940433326774
color,0.050643744071400265
city,0.02249700751527095
state,0.11603175642203697
zip_code,0.0019197940877579312
year_num,0.5063806023166123
mileage_num,0.6595673534443057
