feature,importance
make,0.13206401521004318
model,0.2896948049866813
color,0.04926999044028215
city,0.12211654777362894
state,5.826248894447161e-08
zip_code,0.0019735219025013738
year_num,0.693984865713405
mileage_num,0.6448865214820165
