feature,importance
make,0.0
model,0.0
color,0.007902937715033698
city,0.005398115208535237
state,0.0
zip_code,0.0
year_num,0.20079682222873618
mileage_num,0.5377869290023428
