feature,importance
make,0.10303829561288831
model,0.010085917649715314
color,0.039812243888819744
city,0.031201892627547134
state,0.0
zip_code,0.0
year_num,0.7582452238417595
mileage_num,0.796430306319207
