feature,importance
make,0.04058849422743864
model,0.5828901576947404
color,0.01912258570495944
city,0.08254637532503839
state,0.0
zip_code,0.004680234241778503
year_num,0.5570245427128983
mileage_num,0.42960644236676704
