feature,importance
make,0.1670605296929331
model,0.6811656639589856
color,0.059487750861258945
city,0.017716181859230806
state,0.04694286423568974
zip_code,5.332962153170584e-05
year_num,0.5806880741901296
mileage_num,0.46368365027479097
