feature,importance
make,0.1065206688423626
model,0.06289542887847746
color,0.030311147156407925
city,0.03405927165400517
state,0.01360079290184868
zip_code,0.0030380895357343452
year_num,0.6213125402919142
mileage_num,0.8496237266140193
