feature,importance
make,0.23442786571286406
model,0.18992178960045342
color,0.011638482029090036
city,0.040773073832491735
state,0.07290661667627105
zip_code,0.001755625867219468
year_num,0.759145008540172
mileage_num,0.5053897495288275
