feature,importance
make,0.16156820868082575
model,0.042356538578800354
color,0.031253664755332776
city,0.0416464467081644
state,0.0
zip_code,0.0005957179846176163
year_num,0.9774735796859796
mileage_num,0.7737678417187306
