feature,importance
make,0.0
model,0.0
color,0.020305541289025397
city,0.0
state,0.0
zip_code,0.0
year_num,0.20833629956333644
mileage_num,0.6019701443069889
