feature,importance
make,0.1608475341626699
model,0.5079353938309665
color,0.04249693756960762
city,0.0057987118487529575
state,0.000983128071017747
zip_code,0.001635979314478031
year_num,1.0584141960280504
mileage_num,0.3626505305396176
