feature,importance
make,0.22312773152750146
model,0.02016409165079498
color,0.0895029585251409
city,1.3624580593729618e-06
state,0.0
zip_code,0.0010377335074198246
year_num,0.8330734175049388
mileage_num,1.2674488918411964
