feature,importance
make,0.06892283065594844
model,0.23629683272565566
color,0.02181010483708794
city,0.06577705231088589
state,0.0005744598439369585
zip_code,0.005922496252105369
year_num,0.4397113963834787
mileage_num,0.8397990838597092
