feature,importance
make,0.15476468318241976
model,0.5843091166595811
color,0.03893300464721825
city,0.05936950071939686
state,0.05944445910124609
zip_code,0.005665743481090235
year_num,0.4954428285968886
mileage_num,0.5299812117086425
