feature,importance
make,0.20479198043617006
model,0.5445179088731826
color,0.06801393687329056
city,0.056852118105853555
state,0.0
zip_code,0.0011956495892018414
year_num,0.5738030931310324
mileage_num,0.50105324327283
