feature,importance
make,0.14050419233381894
model,0.7144538077218168
color,0.03964680163538718
city,0.02447621065106669
state,0.0012163872927308805
zip_code,0.012623724201258036
year_num,0.5473819057802635
mileage_num,0.5349369059261571
