feature,importance
make,0.07042403126443461
model,0.2097444835897569
color,0.009058889802154458
city,0.09707507162311454
state,0.06186113186147246
zip_code,0.022085983843243985
year_num,0.7315825590049694
mileage_num,0.5043970402471392
