feature,importance
make,0.13047220944566124
model,0.20849684046376202
color,0.01371630929051142
city,0.007120484187996911
state,0.0
zip_code,7.72695052707828e-05
year_num,0.6774367884638031
mileage_num,0.5961277683661941
