feature,importance
make,0.00773753338012273
model,0.0
color,0.025554184561968875
city,0.05452423169257592
state,0.0
zip_code,0.0
year_num,0.7520301350559015
mileage_num,0.23992505030442207
