feature,importance
make,0.25865203986300084
model,0.011277557881924105
color,0.06240436505304079
city,0.0
state,0.0
zip_code,0.0016247349504718623
year_num,0.7946771593474681
mileage_num,1.2772742558009007
