feature,importance
make,0.11343265492549806
model,0.028554114322192747
color,0.03542548829181726
city,0.043625511298203204
state,0.08434404670887385
zip_code,0.0
year_num,0.6908660427704605
mileage_num,0.6165014214383309
