feature,importance
make,0.0728868676727928
model,0.2122014593701141
color,0.006488953811669429
city,0.06394504496137812
state,0.0018498099463205354
zip_code,0.006654725292167596
year_num,0.6121625145675926
mileage_num,0.667751920103041
