feature,importance
make,0.1059451155056608
model,0.7054625117016109
color,0.048491511149799174
city,0.019006252680394888
state,0.0005892612460576708
zip_code,0.0028770174207918054
year_num,0.49110855043512025
mileage_num,0.5892728109653385
