feature,importance
make,0.09155327481604299
model,0.5245408395526667
color,0.10002395939906754
city,0.012649845734454513
state,0.007203311488652653
zip_code,0.0006095359611806072
year_num,0.5190897949783829
mileage_num,0.8855371707703126
