feature,importance
make,0.08086803160334757
model,0.4456464252769532
color,0.07494121894528569
city,0.09388188460980866
state,0.0
zip_code,0.0
year_num,0.6659760958604262
mileage_num,0.652155594153406
