feature,importance
make,0.1429183698942492
model,0.26168903203745175
color,6.207148672212614e-05
city,0.008726266881537104
state,0.00671307153486822
zip_code,0.0
year_num,0.626156573157093
mileage_num,0.6045915495145647
