feature,importance
make,0.12784145138822361
model,0.0029827963635660425
color,0.03954499233156143
city,0.0015965699215944485
state,0.0
zip_code,0.0008583062179950529
year_num,0.6248235164283165
mileage_num,0.5797426672546716
