feature,importance
make,0.13612876150050962
model,0.4585482374138611
color,0.029002356564671095
city,0.07388423031572242
state,0.005340538882754031
zip_code,0.03129432697448351
year_num,0.35528252188121556
mileage_num,0.9165736696214566
