feature,importance
make,0.012838634198434229
model,0.004688410356429107
color,0.010349937256677521
city,0.026307850218380315
state,0.0
zip_code,0.0
year_num,0.5615365222917184
mileage_num,0.6240000292366414
