feature,importance
make,0.06839585149155444
model,0.39378864630557225
color,0.03664167546208734
city,0.06896074397843024
state,0.0010672528767728285
zip_code,0.017233881916670146
year_num,0.3059977874672068
mileage_num,0.9661223198143654
