feature,importance
make,0.1602655488140923
model,0.036214289684039856
color,0.06075763444619871
city,0.028203610031839223
state,0.06638418939981205
zip_code,0.00037728128054650425
year_num,1.1980258837397524
mileage_num,0.4751512206214146
