feature,importance
make,0.012280038462340426
model,0.004460911075734475
color,0.010519553417717731
city,0.0
state,0.0
zip_code,0.0
year_num,0.609164157004213
mileage_num,0.6342598191328892
