feature,importance
make,0.059649153887484395
model,0.24857323987170482
color,0.013914760656023973
city,0.10209312504957942
state,0.1903827586437451
zip_code,0.00044194274215321184
year_num,0.4415093063126415
mileage_num,0.4820865683818284
