feature,importance
make,0.14593937491434159
model,0.0688578937936688
color,0.036942419752649336
city,0.10181224787338206
state,7.538949669760875e-06
zip_code,0.0013721291396348034
year_num,1.2369494497151385
mileage_num,0.5534921039134288
