feature,importance
make,0.08489141857828693
model,0.3115724338764684
color,0.026813934821918607
city,0.034961582723332364
state,0.014424217684479324
zip_code,0.001191868323511014
year_num,0.4449648493265417
mileage_num,0.7020694353393571
