feature,importance
make,0.17190561438370452
model,0.6841478589425184
color,0.0036552643566512
city,0.06409838481163452
state,0.002138847403353461
zip_code,0.0010705206707055659
year_num,0.5590927254652878
mileage_num,0.39240271669536186
