feature,importance
make,0.10215512659454377
model,0.023038694835858055
color,0.019203092376775664
city,0.12948832002197735
state,0.0
zip_code,0.0015090840056124044
year_num,0.5354328287786689
mileage_num,1.0985310029278978
