feature,importance
make,0.12818054738515772
model,0.5718351057868792
color,0.00112300151503264
city,0.041789661789309915
state,0.0019296317158655984
zip_code,0.0005003622457600221
year_num,0.44669930031921956
mileage_num,0.46637916843480165
