feature,importance
make,0.19135944640468588
model,0.17674126182411395
color,0.014033486511294458
city,0.038730849640112794
state,0.0
zip_code,0.0
year_num,0.4879528930057047
mileage_num,0.8630759190796884
