feature,importance
make,0.1495955902302822
model,0.31258286169607385
color,0.03508926736641895
city,0.08751321016549785
state,0.09642662556003165
zip_code,0.004278444757431932
year_num,0.6486551393418056
mileage_num,0.5476822162114645
