feature,importance
make,0.11277834776800406
model,0.31126205861889955
color,0.042154958933017996
city,0.12371732537667264
state,0.0
zip_code,0.0003960623994041512
year_num,0.681177378110248
mileage_num,0.6158199209593697
