feature,importance
make,0.14986560210804384
model,0.30048707174786937
color,0.05085188314036908
city,0.09525258716807752
state,0.0
zip_code,0.0037624903884673653
year_num,0.628828975857399
mileage_num,0.6147252473712361
