feature,importance
make,0.1569073036971291
model,0.6781953034290336
color,0.0029731815813534013
city,0.03126878963474613
state,0.001736726479247852
zip_code,0.0007432976951890824
year_num,0.47313270422476467
mileage_num,0.5354810952093185
