feature,importance
make,0.04262160143011171
model,0.3342890806350475
color,0.0046126733083440286
city,0.012621055840742579
state,0.0
zip_code,0.0
year_num,0.18744842069893342
mileage_num,0.9217337683336575
