feature,importance
make,0.12319642291524077
model,0.029652208755029007
color,0.010418174360431997
city,0.0006165510669738472
state,0.0024336424228155852
zip_code,0.0008457690892438752
year_num,0.7547184992426362
mileage_num,0.9259726466109213
