feature,importance
make,0.10580930204703765
model,0.03586557803573383
color,0.06977715864924136
city,0.00866565677854858
state,0.002003658874913272
zip_code,0.0
year_num,0.7569112235700646
mileage_num,0.6657368151492482
