feature,importance
make,0.20994848583737352
model,0.1866836676993318
color,0.012932017537845208
city,0.0545789068410079
state,0.012867585748384314
zip_code,0.00039931553466110437
year_num,0.47384158240741286
mileage_num,0.9660515982160044
