feature,importance
make,0.10900260993824581
model,0.04996772089829025
color,0.0264920377655417
city,0.043302762640029746
state,0.001129370343945002
zip_code,0.0022360123360468664
year_num,0.5598536238408376
mileage_num,1.0671159335284182
