feature,importance
make,0.03228219147819296
model,0.2923043990306582
color,0.01055636924622958
city,0.02601240239874445
state,0.0
zip_code,0.0
year_num,0.48275795106102093
mileage_num,0.4834738510285441
