feature,importance
make,0.02915954578529898
model,0.004293915459477815
color,0.06565560541811657
city,0.08809896602207679
state,0.0
zip_code,0.0
year_num,0.46502168773835184
mileage_num,0.6768756237218485
