feature,importance
make,0.09967665485850621
model,0.3294966738670583
color,0.01078772917029951
city,0.06748684892578379
state,0.017339864945813875
zip_code,0.000538509759745276
year_num,0.4797914189173037
mileage_num,0.7290973023925449
