feature,importance
make,0.047088297107852874
model,0.8707543981116205
color,0.06637999490689181
city,0.02870605200547265
state,0.00197649769722541
zip_code,0.0
year_num,0.4656436340833309
mileage_num,0.4658265800159823
