feature,importance
make,0.0016408903195165748
model,0.0
color,0.0321591059916565
city,0.0
state,0.0
zip_code,0.0
year_num,0.34159909704537916
mileage_num,0.5355483648202883
