feature,importance
make,0.1641451446409582
model,0.1580349333968881
color,0.07581105602645137
city,0.08735779469375138
state,0.002598109546088745
zip_code,0.0006466198846763138
year_num,0.600084250485766
mileage_num,0.8717947354673722
