feature,importance
make,0.08039804902270653
model,0.7759109363774066
color,0.0605830943233846
city,0.04527500999206731
state,0.061120710754676975
zip_code,0.001863064251217561
year_num,0.5453166625380585
mileage_num,0.5225428347368024
