feature,importance
make,0.24128716336294506
model,0.025132875759909613
color,0.12432930189236586
city,0.0007062153081203615
state,0.0
zip_code,0.0010616825380702411
year_num,0.9083015714579986
mileage_num,1.3016451159211937
