feature,importance
make,0.11230887898559608
model,0.6094982433353726
color,0.005105217363669157
city,0.01696093414037072
state,0.11113082495715572
zip_code,0.03185665472646511
year_num,0.5732720452113544
mileage_num,0.48534169624777396
