feature,importance
make,0.18344041187286567
model,0.20037605845761403
color,0.006373726198576168
city,0.005086078445932651
state,0.0
zip_code,0.006772399871381918
year_num,0.6271804519365931
mileage_num,0.8408640675304582
