feature,importance
make,0.17383202497483283
model,0.29380646993021453
color,0.03379420111406697
city,0.02997011277433188
state,0.012030353295333973
zip_code,0.001567960994585804
year_num,0.5390112129982573
mileage_num,0.736584396450523
