feature,importance
make,0.1689974673915841
model,0.19250429329268517
color,0.030376508404575463
city,0.025521079842778228
state,0.017452997249820947
zip_code,0.0015736429800059294
year_num,0.5508069193890299
mileage_num,0.8101705443769885
