feature,importance
make,0.04060091078946151
model,0.24473383185533032
color,0.007183023342758776
city,0.1050380156628147
state,0.2136758947812473
zip_code,0.0
year_num,0.38519314637957625
mileage_num,0.4389550178645815
