feature,importance
make,0.23358049139118547
model,0.0
color,0.005145577636910481
city,0.052838631485600085
state,0.024519172294026226
zip_code,0.0006069831734448527
year_num,0.3280320542602624
mileage_num,0.4117168890394927
