feature,importance
make,0.2404678770049792
model,0.054372349351638836
color,0.057068759186195514
city,0.01811428724101627
state,0.014917961877628994
zip_code,0.0016508879340944472
year_num,0.8666159603058876
mileage_num,0.6975327393914883
