feature,importance
make,0.11117326047625813
model,0.16367761789547425
color,0.013146745816304062
city,0.07839773435907949
state,0.05015425668537336
zip_code,0.0
year_num,0.6353475763795663
mileage_num,0.5667583415297137
