feature,importance
make,0.0008285724672879357
model,0.0
color,0.017262653067242263
city,0.001039015957229461
state,0.0
zip_code,0.0
year_num,0.34095426586966926
mileage_num,0.7584527082857038
