feature,importance
make,0.09637067925859102
model,0.058131322937738
color,0.08481286224386171
city,0.0004915107101099769
state,0.0
zip_code,0.001084424232040071
year_num,0.9127196921688748
mileage_num,1.2273371143490739
