feature,importance
make,0.3378314027904013
model,0.032860626993876686
color,0.04569774841541372
city,0.0006569010286548771
state,0.0
zip_code,0.0012284359502843678
year_num,0.8895369145717476
mileage_num,1.3197772334091478
