feature,importance
make,0.08333474818857012
model,0.797007690043517
color,0.0371080310781005
city,0.045440439344275954
state,0.0
zip_code,0.0023095228757441743
year_num,0.4581132050377841
mileage_num,0.4872477214931794
