feature,importance
make,0.1412527027016367
model,0.061798073790779375
color,0.026854948992741722
city,0.031650877798198265
state,0.0
zip_code,0.0014134399156608968
year_num,0.7960109943337249
mileage_num,0.8370517229775647
