feature,importance
make,0.16308872378586806
model,0.03264037314656234
color,0.0006230544933123027
city,0.0037010939431026068
state,0.05977525196294087
zip_code,0.0
year_num,0.5860487915159716
mileage_num,0.624059622754969
