feature,importance
make,0.10946834672517021
model,0.15418641020007887
color,0.026402279648889814
city,0.07769493377306647
state,0.0
zip_code,0.005691254516333788
year_num,0.4808020407152679
mileage_num,0.5380837734303994
