feature,importance
make,0.11081807313094512
model,0.4665428124080025
color,0.0658731914139163
city,0.00012454782107462758
state,0.0
zip_code,0.0
year_num,0.35417146494774776
mileage_num,0.9183401694341793
