feature,importance
make,0.11903568670516562
model,0.03533531939242107
color,0.007215124055952371
city,0.07213568828451078
state,0.0017334044256187564
zip_code,0.0
year_num,0.9754703892569327
mileage_num,0.6318649356866523
