feature,importance
make,0.03919697321525546
model,0.0
color,0.0
city,0.0
state,0.0
zip_code,0.0
year_num,0.5930253945540358
mileage_num,0.5572525961745542
