feature,importance
make,0.23859971169098762
model,0.028670416041230263
color,0.04616025447328851
city,0.0
state,0.0
zip_code,0.0015831767644032047
year_num,0.8051541721459566
mileage_num,1.3040249213521087
