feature,importance
make,0.18962836855140727
model,0.0
color,0.10709980355721907
city,0.00551215386065389
state,0.0
zip_code,0.0
year_num,1.1518277753962776
mileage_num,0.2086439024685654
