feature,importance
make,0.05061836423567756
model,0.3550089888897036
color,0.01736914264036864
city,0.04591720087360422
state,0.054778793155334626
zip_code,0.0
year_num,0.26262339850488386
mileage_num,0.6984613559981412
