feature,importance
make,0.020966876481937936
model,0.00934233609784294
color,0.016816102962738656
city,0.06559094448655398
state,0.0039075835964027085
zip_code,0.0015177256639780311
year_num,0.5006169931084229
mileage_num,0.6681963543227224
