feature,importance
make,0.09940569893149254
model,0.2010233578610019
color,0.020215735874227203
city,0.0933582855294222
state,0.07255947968834857
zip_code,0.029989325316397107
year_num,0.6220522197064448
mileage_num,0.5520700706388432
