feature,importance
make,0.15477890180389212
model,0.722349168615302
color,0.002475517274751193
city,0.030022353321946825
state,0.0017270211735966213
zip_code,0.00029874034782184644
year_num,0.6805538509352169
mileage_num,0.2775403501228588
