feature,importance
make,0.07343165569972432
model,0.32959481976932975
color,0.00795527846049704
city,0.12612841411134423
state,0.0943191910566202
zip_code,0.0
year_num,0.5404312984116955
mileage_num,0.5603553925478353
