feature,importance
make,0.11552969154119234
model,0.09940067489783126
color,0.06338725685305158
city,0.027151753901438112
state,0.0030373882150401153
zip_code,0.00026717123298167775
year_num,0.973218174124203
mileage_num,0.9278075136699753
