feature,importance
make,0.10642845623998606
model,0.07988383658562995
color,0.010553098917459258
city,0.0
state,0.018364982484469293
zip_code,0.0
year_num,0.652437998931511
mileage_num,0.6563519536592215
