feature,importance
make,0.15823327128021789
model,0.03266828652772642
color,0.002595486961785909
city,0.002049749095506015
state,0.016880856907981866
zip_code,0.0
year_num,0.7164109338959411
mileage_num,0.6678964965079289
