feature,importance
make,0.12098682756879393
model,0.5384402978578845
color,0.08016216010763706
city,0.030291217310797182
state,0.00036990008143444886
zip_code,0.00750050961028117
year_num,0.7378297163728865
mileage_num,0.7140024409027815
