feature,importance
make,0.23828380670798666
model,0.017804617730763406
color,0.030770349623208126
city,0.00994967649085412
state,0.02456732149306118
zip_code,0.0004314911737169025
year_num,0.7300258528640604
mileage_num,0.8008354653920658
