feature,importance
make,0.08137103873040563
model,0.19417462838248922
color,0.010122453757713323
city,0.09483495455540329
state,0.06110261621444566
zip_code,0.025668398233699798
year_num,0.6177457657143991
mileage_num,0.5694195673368854
