feature,importance
make,0.0030815296589193466
model,0.0
color,0.03789346320916727
city,0.0
state,0.0
zip_code,0.0
year_num,0.9506829194217961
mileage_num,0.13587190022429313
