feature,importance
make,0.0477915980797798
model,0.22797943532608994
color,0.005992611654101055
city,0.08298022270045344
state,0.062274881859841716
zip_code,0.01609270133927323
year_num,0.5360114450765947
mileage_num,0.563582117687725
