feature,importance
make,0.1802046564117421
model,0.20320415091651256
color,0.013979430311722486
city,0.0018607590289799968
state,0.06861274103027484
zip_code,0.0032131926022885616
year_num,0.5604696869382704
mileage_num,0.7695059217672284
