feature,importance
make,0.13128267111002828
model,0.17756119548959576
color,0.002286060285800584
city,0.0017776302689322954
state,0.0
zip_code,6.586242017321275e-05
year_num,0.5438339490759964
mileage_num,0.7684211968626959
