feature,importance
make,0.06205409142248721
model,0.28430480673723446
color,0.03269350114221994
city,0.10943560611114445
state,0.0
zip_code,0.0
year_num,0.580421940072704
mileage_num,0.7452792241946848
