feature,importance
make,0.14203622447920067
model,0.6720893871660631
color,0.02727891675542469
city,0.14045712902437174
state,0.006957090558759505
zip_code,0.0014573141103441766
year_num,0.750559316651566
mileage_num,0.39286991931896786
