feature,importance
make,0.2059316716945223
model,0.036803770365240296
color,0.014837468941668774
city,0.018571425843986567
state,0.004335025506874391
zip_code,0.001107143941539368
year_num,1.1569898843427813
mileage_num,0.6430463431337509
