feature,importance
make,0.03673968372726566
model,0.010374440980175304
color,0.00846865219312205
city,0.10380247981388138
state,0.0025015272968622825
zip_code,0.0004059602182170163
year_num,0.80733369807947
mileage_num,0.7854303256373227
