feature,importance
make,0.17976631644165852
model,0.055875285100913705
color,0.017043043033449612
city,0.007721907046018073
state,0.0010771919923993512
zip_code,0.0031087349373458027
year_num,0.9838619548458626
mileage_num,0.8977108966105074
