feature,importance
make,0.1346554331506284
model,0.031327035847299144
color,0.0666466267890912
city,0.0328967796728032
state,0.002485481957789726
zip_code,0.0
year_num,0.8988144629423271
mileage_num,0.9722513781626922
