feature,importance
make,0.01571500021461829
model,0.013560739563364765
color,0.03929593787832868
city,0.06538558150031085
state,0.005856105486643504
zip_code,0.0006267068156794898
year_num,0.5427043294918368
mileage_num,0.7558657189311273
