feature,importance
make,0.16097883130702126
model,0.6650097556345849
color,0.024207929119344884
city,0.003266902591674037
state,0.0030222021954035673
zip_code,0.0018229483028846527
year_num,0.5157909730600462
mileage_num,0.32237355082427366
