feature,importance
make,0.10733246078944876
model,0.4661073381937304
color,0.061930141205171
city,0.0
state,0.0
zip_code,0.0
year_num,0.3233836523872133
mileage_num,0.8984281793641162
