feature,importance
make,0.13294707080539964
model,0.23040877451225034
color,0.0245131779203581
city,0.012411492290294968
state,0.02133077217117272
zip_code,0.002015091469985153
year_num,0.5756022181211143
mileage_num,0.7514912520018312
