feature,importance
make,0.11021750216001194
model,0.033353692270725266
color,0.020231693388870563
city,0.033708957742314305
state,0.0
zip_code,0.0
year_num,0.5124353076234853
mileage_num,0.5480293349475946
