feature,importance
make,0.2624506061071318
model,0.028540091311137505
color,0.02462914796900817
city,0.00046318761457917466
state,0.0
zip_code,0.0010970361691840847
year_num,0.5078902924805565
mileage_num,1.3174452727078285
