feature,importance
make,0.05916623282298437
model,0.5147658256205092
color,0.0
city,0.059152964727191046
state,0.0
zip_code,0.0
year_num,0.43098630929344645
mileage_num,0.3691397094329535
