feature,importance
make,0.10399203892331288
model,0.07312256867286293
color,0.07953372257331064
city,0.011185625567932922
state,0.007605587329149732
zip_code,0.0
year_num,0.9067594560504244
mileage_num,0.8509740147881242
