feature,importance
make,0.09848572152345
model,0.1670015385942317
color,0.02265722566881212
city,0.041660486543364385
state,0.00979101925259429
zip_code,0.0
year_num,0.4960161215628796
mileage_num,0.7787131968379619
