feature,importance
make,0.2616733212990754
model,0.04288333790847891
color,0.03522287466995473
city,0.022955234580574357
state,0.07757835447409878
zip_code,0.0014298433016059376
year_num,1.0850433762678433
mileage_num,0.7104288383957702
