feature,importance
make,0.17183807022733302
model,0.11279349210117925
color,0.035009277453072696
city,0.009634204422084403
state,0.0007084972746652429
zip_code,0.0016101561863584913
year_num,0.6948176708494025
mileage_num,0.8610525084604413
