feature,importance
make,0.19262831001425265
model,0.002208800224288443
color,0.017986592883806198
city,0.022281965302643102
state,0.010217641118527987
zip_code,0.0005719153641664087
year_num,0.332358368818911
mileage_num,0.5366566351578597
