feature,importance
make,0.2139524395860343
model,0.28820346218446885
color,0.009798480017214173
city,0.0047341553130541
state,0.060031016601122936
zip_code,0.0018506586081902254
year_num,0.5180754828717181
mileage_num,0.7548567263504686
