feature,importance
make,0.17434882348548286
model,0.6395380304224886
color,0.018587704343262446
city,0.004299663093809669
state,0.004361917474337606
zip_code,0.002444624403810991
year_num,0.670902999104814
mileage_num,0.37373049058894087
