feature,importance
make,0.09997766527954759
model,0.04407482514905263
color,0.022495488834353615
city,0.08054089451314528
state,0.0
zip_code,0.0
year_num,1.1998659394639901
mileage_num,0.5041930620599029
