feature,importance
make,0.06191425394469274
model,0.584025219283397
color,0.020271095169710353
city,0.014670096424647805
state,0.0
zip_code,0.0
year_num,0.24897405040448542
mileage_num,0.43806403881524136
