feature,importance
make,0.09926965464510311
model,0.8009462804569798
color,0.035425604940328204
city,0.04593055075825507
state,0.0
zip_code,0.005515016035256592
year_num,0.4767024471898663
mileage_num,0.4824021927424217
