feature,importance
make,0.04990276757117627
model,0.21642558263866224
color,0.005121155890567497
city,0.08098561185616644
state,0.00252360336153834
zip_code,0.0
year_num,0.6611082037513782
mileage_num,0.472529962320323
