feature,importance
make,0.2548659450963234
model,0.006208731536476853
color,0.07155277559946027
city,0.0022799607797664213
state,0.0
zip_code,0.0014129458391574311
year_num,0.7611038923724951
mileage_num,1.221599031166554
