feature,importance
make,0.10163706958309755
model,0.06105993925450581
color,0.017072886220731352
city,0.12512937787975253
state,0.0005005792599078074
zip_code,1.5269269848516842e-08
year_num,1.254246827108235
mileage_num,0.5360194766052123
