feature,importance
make,0.07828632226766312
model,0.04357589973863485
color,0.021305889523032008
city,0.11011642810782785
state,0.002002699310917233
zip_code,0.001367431501546368
year_num,0.5330044758746324
mileage_num,1.1155373297854962
