feature,importance
make,0.14251912619685486
model,0.0208135208556387
color,0.08373524333030449
city,0.15746344712328555
state,0.0
zip_code,0.002962864012617672
year_num,0.8549519273315982
mileage_num,0.7866940153848994
