feature,importance
make,0.14309491553508868
model,0.07558406572250395
color,0.019841416991481342
city,0.03470768033810023
state,0.0019192655644703737
zip_code,0.001490250655523484
year_num,0.6407983565964088
mileage_num,0.945720716946399
