feature,importance
make,0.0
model,0.0
color,0.018194965843976597
city,0.0
state,0.0
zip_code,0.0
year_num,0.2595146296133538
mileage_num,0.5226992500308755
