feature,importance
make,0.11054863460681452
model,0.4689458924854568
color,0.07799980640848363
city,0.10831609494225684
state,0.0072991528698470145
zip_code,0.003579415727831137
year_num,0.6897077559226252
mileage_num,0.7852684948596403
