feature,importance
make,0.0974632424321105
model,0.0380322018458102
color,0.015294982429232907
city,0.07041250066291793
state,0.0
zip_code,0.0
year_num,1.054401683591652
mileage_num,0.7374519922265625
