feature,importance
make,0.05938483221719382
model,0.19031150533348984
color,0.02428120795463946
city,0.08927680020319444
state,0.05127328233465742
zip_code,0.002527257385061077
year_num,0.5177321793508373
mileage_num,0.569292400677535
