feature,importance
make,0.09677703292657766
model,0.103570093149283
color,0.07156169356584326
city,0.03367945034962272
state,0.003138424299384668
zip_code,0.0
year_num,0.9850621786004268
mileage_num,0.8997829381656969
