feature,importance
make,0.11347269608252933
model,0.2524494980120841
color,0.029848480463937777
city,0.033605269962068564
state,0.05958358855910251
zip_code,0.02166319508454062
year_num,0.6730413372178623
mileage_num,0.5698829596826311
