feature,importance
make,0.08449788523305854
model,0.2277880671475267
color,0.007586495191780585
city,0.030455074233370127
state,0.0
zip_code,0.005537799534280241
year_num,1.0590394694497436
mileage_num,0.6046384185918392
