feature,importance
make,0.1709251571067614
model,0.4310770278097163
color,0.03557350999947291
city,0.031151490068174525
state,0.009024183142280396
zip_code,0.02616656244023896
year_num,0.5149900773366042
mileage_num,0.8355886372492707
