feature,importance
make,0.0803439470366416
model,0.0030632816625216996
color,0.01431974643658076
city,0.07575864884479289
state,0.0
zip_code,0.00215531034176506
year_num,0.29572031721478753
mileage_num,0.607587607642119
