feature,importance
make,0.05984445864391903
model,0.3117048745544922
color,0.025560557669742322
city,0.03628324942276826
state,0.015032870822208545
zip_code,0.0010425785473758165
year_num,0.4675783948855674
mileage_num,0.7227031354558664
