feature,importance
make,0.0977347552281476
model,0.3128161877721813
color,0.03204097282527141
city,0.1079745981057608
state,0.0065335626190463625
zip_code,0.0002821697973473425
year_num,0.698425412492629
mileage_num,0.6299618385099869
