feature,importance
make,0.08333180738158448
model,0.2881488767096679
color,0.05558999170421408
city,0.12826466169665948
state,1.8072998928531092e-06
zip_code,0.0017305236944979096
year_num,0.7282535698519146
mileage_num,0.6416584229591807
