feature,importance
make,0.06396550038697493
model,0.19334750053790278
color,0.0007401226378261017
city,0.0777904967428678
state,0.0
zip_code,0.0
year_num,0.553025576983625
mileage_num,0.7421984343052597
