feature,importance
make,0.06273201819622098
model,0.4179656283440524
color,0.0011303794894744756
city,0.02909398021523264
state,0.040000199275111184
zip_code,0.014310634026057168
year_num,0.36646324143191455
mileage_num,0.6608459163323386
