feature,importance
make,0.11548824247464948
model,0.4569837534431664
color,0.021051037029854513
city,0.11136457935752683
state,0.010856633922528202
zip_code,0.002360395343874111
year_num,0.7407002405970419
mileage_num,0.8521178447790749
