feature,importance
make,0.22999500190068806
model,0.04501342883958217
color,0.05873668413164945
city,0.0
state,0.0017521073569872758
zip_code,0.0
year_num,0.7356125663117314
mileage_num,1.240513476905778
