feature,importance
make,0.0
model,0.0
color,0.003644769908793677
city,0.0
state,0.0
zip_code,0.0
year_num,0.0805882317333485
mileage_num,0.5142787188179972
