feature,importance
make,0.08108752831567642
model,0.20207363416089433
color,0.008523998426790903
city,0.08766705888153763
state,0.048807824931492716
zip_code,0.02143604457873729
year_num,0.5993962220501801
mileage_num,0.5802703159287178
