feature,importance
make,0.09950632406417222
model,0.18584522338525106
color,0.015044936734457615
city,0.13922450344349158
state,0.07959618683377323
zip_code,0.016868464395486636
year_num,0.5270620450003946
mileage_num,0.6303400607504429
