feature,importance
make,0.1283067266194373
model,0.4802119780831881
color,0.07412370113664493
city,0.10051170184781048
state,0.00046911800638456126
zip_code,0.0
year_num,0.699069569258018
mileage_num,0.6986803295135824
