feature,importance
make,0.21657639255004968
model,0.04301947095053604
color,0.040833189612908716
city,0.03154176271482134
state,0.0832075673185861
zip_code,0.0022265496870027325
year_num,0.7470132705085406
mileage_num,0.6700481403223583
