feature,importance
make,0.10925852610827376
model,0.23107335158497255
color,0.009981147235257736
city,0.00872730157629018
state,0.0
zip_code,0.003203987656902929
year_num,0.3898737979254064
mileage_num,0.8397156103384275
