feature,importance
make,0.11167898503228649
model,0.5536372815375544
color,0.06815572944561872
city,0.04657674823974445
state,0.00241999175762575
zip_code,0.0
year_num,0.6908530079493074
mileage_num,0.6128957026358167
