feature,importance
make,0.16244271193419496
model,0.07577176902012557
color,0.09571398308420768
city,0.03859546401714371
state,0.0009845347886244804
zip_code,0.0016262967953129647
year_num,1.043343222631962
mileage_num,0.8103173580837135
