feature,importance
make,0.19224129430058073
model,0.0
color,0.057701931716067724
city,0.04720103464062495
state,0.0
zip_code,0.0
year_num,1.2268097281696846
mileage_num,0.23636190434699883
