feature,importance
make,0.11461728374690931
model,0.052912509776949855
color,0.028640535134147216
city,0.06302155536925487
state,0.0012144188311062232
zip_code,0.0017373733475501752
year_num,0.5570712604169719
mileage_num,1.1305456236102362
