feature,importance
make,0.14699794845704994
model,0.5177650770041866
color,0.07231396430680262
city,0.0347408985019972
state,0.0
zip_code,0.00621036040656342
year_num,0.6382072652157887
mileage_num,0.8023237353982834
