feature,importance
make,0.12785633675085414
model,0.22782596281711723
color,0.020988013633030444
city,0.12442605685217634
state,0.08806714888326231
zip_code,0.004679115311968541
year_num,0.6909775629521929
mileage_num,0.5702168098263555
