feature,importance
make,0.01577752396770731
model,0.0
color,0.03289944542871755
city,0.04518127632994864
state,0.0
zip_code,0.0
year_num,0.589880529106052
mileage_num,0.5680765093848167
