feature,importance
make,0.010629485281413654
model,1.868183838462656e-05
color,0.0969814503481268
city,0.06394029317055425
state,0.0
zip_code,0.003030350222206701
year_num,0.285543997318808
mileage_num,0.8144601865441562
