feature,importance
make,0.2677310618965446
model,0.652825774763176
color,0.040411168103324124
city,0.041856546575659404
state,0.0061384935379811935
zip_code,0.00732263576257437
year_num,0.5857348541901496
mileage_num,0.5507191869028765
