feature,importance
make,0.09338334704941238
model,0.009243062840977668
color,0.0342052261445067
city,0.0015337389446034688
state,0.0
zip_code,0.0
year_num,0.703409605899449
mileage_num,0.813888155680309
