feature,importance
make,0.10477696175245195
model,0.052593238611735614
color,0.05937366078720663
city,0.0020375902143916712
state,0.02182213542030851
zip_code,0.0011011037417915537
year_num,0.7425136712234544
mileage_num,0.7387269303508405
