feature,importance
make,0.1472374049415923
model,0.3313702846969505
color,0.029278676842783423
city,0.0434308208181672
state,0.0019646889713578865
zip_code,0.0019518986349715828
year_num,0.661186443994874
mileage_num,0.7800993409532924
