feature,importance
make,0.13100365080142218
model,0.5320189220806935
color,0.08152739258814268
city,0.039706379374879065
state,0.0028016293217712597
zip_code,0.001990557831698214
year_num,0.6940222420267381
mileage_num,0.6802172666685657
