feature,importance
make,0.014534901590197769
model,0.0
color,0.018698221946022286
city,0.0368160251841793
state,0.0
zip_code,0.0
year_num,0.7663289876053963
mileage_num,0.20236332818372035
