feature,importance
make,0.17057769076152143
model,0.10471948136379247
color,0.01422964566024305
city,0.014607209074233008
state,0.006294052663189697
zip_code,0.002832822932092793
year_num,1.067783351227262
mileage_num,0.682215918348463
