feature,importance
make,0.007082102752811736
model,0.0
color,0.005964996230984276
city,3.934046727478435e-05
state,0.0
zip_code,0.0
year_num,0.33346519008375386
mileage_num,0.4238679921414411
