feature,importance
make,0.11742749252152877
model,0.8045543431137061
color,0.06411543506666662
city,0.03686202263871856
state,0.05605349957044363
zip_code,0.0
year_num,0.5943235627709054
mileage_num,0.5244586237077128
