feature,importance
make,0.04182103241672057
model,0.5654725595674767
color,0.005398965299431469
city,0.0370585769171957
state,0.0273013985858682
zip_code,0.002539274217721865
year_num,0.3800758388712464
mileage_num,0.3359354223426855
