feature,importance
make,0.018219483248189627
model,0.00108351938193072
color,0.016279362112764307
city,0.08728640686820463
state,0.0
zip_code,0.004925118015365016
year_num,0.37411341275442983
mileage_num,0.7665352542486008
