feature,importance
make,0.00522979137799231
model,0.0
color,0.021516025488163115
city,0.0
state,0.0
zip_code,0.0
year_num,0.8645878180148641
mileage_num,0.13525391847027085
