feature,importance
make,0.1522777282466217
model,0.054616191011803664
color,0.06364649261652086
city,0.02767938272367545
state,0.0
zip_code,0.0005596840971052952
year_num,1.1109827839284787
mileage_num,0.6049540559142913
