feature,importance
make,0.019651713052803645
model,0.0015683943085367026
color,0.008926767741187568
city,0.04492926567840607
state,0.0
zip_code,0.0
year_num,0.774027136646337
mileage_num,0.2892941480940448
