feature,importance
make,0.03899131158779423
model,0.25534032226740827
color,0.02282862209104979
city,0.06155965356862163
state,0.0011586680171961294
zip_code,0.04349135748017789
year_num,0.3064644901774794
mileage_num,0.8667890631784188
