feature,importance
make,0.062033509464164416
model,0.20634502501022647
color,0.008904970293567117
city,0.06621907941622913
state,0.033290164932543574
zip_code,0.0
year_num,0.4908881268823356
mileage_num,0.5885675017546109
