feature,importance
make,0.08696891673402685
model,0.3324653821174341
color,0.058847624065113145
city,0.034105943198872744
state,0.05439215443383656
zip_code,0.0019174720457608707
year_num,0.630642421530401
mileage_num,0.5829732326839734
