feature,importance
make,0.016469219543204017
model,3.961803477132708e-05
color,0.016817801648874586
city,0.024301644387895595
state,0.0
zip_code,0.000686102401461608
year_num,0.29370093123779084
mileage_num,0.7189314490930135
