feature,importance
make,0.01608205113797987
model,0.0
color,0.007131178109247882
city,0.015886843799648286
state,0.0
zip_code,0.0
year_num,0.8355238838351611
mileage_num,0.2201165614385434
