feature,importance
make,0.009832141342195632
model,0.0
color,0.005772404359763184
city,0.028099197521000253
state,0.0
zip_code,0.0
year_num,0.8064706147794791
mileage_num,0.2430877149703407
