feature,importance
make,0.1678651483741494
model,0.6999483776249746
color,0.05057349436879295
city,0.06018449970978956
state,1.8839668655123987e-06
zip_code,0.0030429488103645096
year_num,0.5754109923937784
mileage_num,0.5276128273710206
