feature,importance
make,0.10093136118289703
model,0.22763321549466792
color,0.011052239753829851
city,0.09736569754380411
state,0.002448799916027866
zip_code,0.0
year_num,0.6666170992599241
mileage_num,0.7090959557623371
