feature,importance
make,0.0031277774794054025
model,0.0
color,0.001956343516634851
city,0.0
state,0.0
zip_code,0.0
year_num,0.10581431928172913
mileage_num,0.6316838559367413
