feature,importance
make,0.08862159266152894
model,0.24955327176632994
color,0.020216135675194803
city,0.09807108813467139
state,0.189143105645818
zip_code,0.0028044628313074636
year_num,0.49696808681746585
mileage_num,0.566549820147486
