feature,importance
make,0.09851691140764067
model,0.18283723064156576
color,0.097506182842381
city,0.00036313107260712576
state,0.0
zip_code,0.001036033877577469
year_num,0.7476227833854047
mileage_num,0.6829279333860117
