feature,importance
make,0.023969889066034655
model,0.0
color,0.022191520614462768
city,0.04036458129695235
state,0.0
zip_code,0.0
year_num,0.8812713050540253
mileage_num,0.30298085814551384
