feature,importance
make,0.17739781907574614
model,0.5843823592469788
color,0.010896388148178393
city,0.009876056326540827
state,0.0025839038908100687
zip_code,0.002810398361390476
year_num,0.4957260281087687
mileage_num,0.6254701921550525
