feature,importance
make,0.09197508979589389
model,0.19566868086551958
color,0.00825005582555043
city,0.06997220877616035
state,0.0
zip_code,0.0004956066571514484
year_num,0.5665591511342812
mileage_num,0.6345670359984175
