feature,importance
make,0.09294392767554369
model,0.7208370129541855
color,0.03905079417875099
city,0.03071269122095337
state,0.00031766257435350553
zip_code,0.010515503264251103
year_num,0.5015818903213365
mileage_num,0.5452999936469002
