feature,importance
make,0.07413370379667783
model,0.41301937572264596
color,0.017871353132800215
city,0.07963916743221167
state,0.0008486335258632627
zip_code,0.002545341458851902
year_num,0.3269515653831664
mileage_num,0.8008739099232051
