feature,importance
make,0.11966379250968529
model,0.282031716974729
color,0.035104437301999705
city,0.14975754468984048
state,0.05721132412134074
zip_code,0.003271395749716266
year_num,0.8856379920026983
mileage_num,0.44529128351443703
