feature,importance
make,0.12216601085429131
model,0.09015861234810703
color,0.07725444907189957
city,0.03690607763800331
state,0.002478460491596035
zip_code,0.0008889751769221466
year_num,1.004259810836615
mileage_num,0.9935348932293552
