feature,importance
make,0.23553121175196842
model,0.00602400925056914
color,0.020369893397277593
city,0.001392619176690224
state,0.0
zip_code,0.0
year_num,1.2518205241413465
mileage_num,0.2518208161174066
