feature,importance
make,0.0911518530867049
model,0.23634578226168856
color,0.030104008098441715
city,0.104604974600223
state,0.0878203891406056
zip_code,0.009455101775554687
year_num,0.6312775903895655
mileage_num,0.6005901920403556
