feature,importance
make,0.12818777197681314
model,0.09129448873626034
color,0.07895332194099776
city,0.14402191732003838
state,0.0
zip_code,0.003718564780522815
year_num,0.7950014471592917
mileage_num,0.9193330974429742
