feature,importance
make,0.09786162083135959
model,0.5102954718480903
color,0.06602736960964355
city,0.028468054587726655
state,0.0
zip_code,0.0
year_num,0.5916173502353124
mileage_num,0.6903434515966476
