feature,importance
make,0.0439328171118164
model,0.2638270408893604
color,0.03229877732581889
city,0.13809911481496656
state,0.00786827630761704
zip_code,0.0
year_num,0.7715624269434678
mileage_num,0.45353503226869185
