feature,importance
make,0.10734752420888001
model,0.28543415806909495
color,0.038071255187642136
city,0.1321413522602944
state,0.0
zip_code,0.013522864041961836
year_num,0.6341977429641392
mileage_num,0.669182452519431
