feature,importance
make,0.11255977017940519
model,0.2882744753301201
color,0.03660950193757957
city,0.14013747731941634
state,0.005219693359778899
zip_code,0.0009846919628025753
year_num,0.7186523754019942
mileage_num,0.754166592106779
