feature,importance
make,0.30852541543487655
model,0.08211009875175848
color,0.03510409642212069
city,0.03451795825584321
state,0.012860320126319547
zip_code,0.0015374615458985108
year_num,0.675714990104167
mileage_num,0.8648001899362299
