feature,importance
make,0.009821808847082013
model,0.0034475602952275253
color,0.008288832845332505
city,0.0
state,0.0
zip_code,0.0
year_num,0.8648192978539575
mileage_num,0.309847704800484
