feature,importance
make,0.12144008347952003
model,0.11332241092930026
color,0.03335197089922297
city,0.043380275825979565
state,0.0
zip_code,0.002172627970664065
year_num,0.6503723956306878
mileage_num,1.0300082959637198
