feature,importance
make,0.060753667684311896
model,0.0
color,0.01843085429909037
city,0.0
state,0.0
zip_code,0.0
year_num,0.5010249367301539
mileage_num,0.4847988202090468
