feature,importance
make,0.17651093706977622
model,0.04347019111488293
color,0.03264586746681832
city,0.02561823040235891
state,0.05780444215995355
zip_code,0.000522463028690634
year_num,0.7012514949804975
mileage_num,0.6971380784175695
