feature,importance
make,0.001863076652799367
model,0.004762905974256349
color,0.02477990499794891
city,0.0
state,0.0
zip_code,0.0
year_num,0.3742963890386015
mileage_num,0.6793140468997955
