feature,importance
make,0.054528785415568805
model,0.20211871405162132
color,0.005167249983959787
city,0.07993840987148082
state,0.0012874187150699878
zip_code,0.0
year_num,0.5349631092985903
mileage_num,0.7132865238306276
