feature,importance
make,0.10890814990637494
model,0.47277065263522855
color,0.09560764924013518
city,0.11508394267779547
state,0.007277057188510083
zip_code,5.659389871637277e-05
year_num,0.6051328488765311
mileage_num,0.7642882696605894
