feature,importance
make,0.18125538916504394
model,0.0010188324166695351
color,0.02365406892117796
city,0.03648925545620476
state,0.008156101731311937
zip_code,0.001626111638401051
year_num,0.29344979195255494
mileage_num,0.5552712911287708
