feature,importance
make,0.11194899291325325
model,0.030028797276802587
color,0.020779326259905438
city,0.11452346033282464
state,0.003878185921631627
zip_code,0.0014072459167655759
year_num,0.5694261150602744
mileage_num,1.074511093169821
