feature,importance
make,0.16747624501891756
model,0.3008735708165771
color,0.0357900361347107
city,0.024553967923920596
state,0.013386694169762214
zip_code,0.002574457578272038
year_num,0.6678726794148699
mileage_num,0.8650529340307278
