feature,importance
make,0.10668233240734977
model,0.048279616032873604
color,0.02384157047433364
city,0.08998924239622297
state,0.0012247305454834655
zip_code,0.001508804709057321
year_num,0.668531868917594
mileage_num,1.0030023121548797
