feature,importance
make,0.04643009578709987
model,0.6932423913102742
color,0.0027462514221431532
city,0.03200861831716213
state,0.03095325592802565
zip_code,0.0002257947720499365
year_num,0.505021395416654
mileage_num,0.20140113371017127
