feature,importance
make,0.1080309004482225
model,0.06217299199866662
color,0.040754412606644384
city,0.03401649454291713
state,0.0011595181771058226
zip_code,0.0026435307508574147
year_num,0.8843568160696403
mileage_num,0.9105123308954081
