feature,importance
make,0.08120661197175272
model,0.029920516208725823
color,0.009860832732632696
city,0.0410891264329051
state,0.002822804008218438
zip_code,0.0018429858041292269
year_num,0.5286187289773217
mileage_num,1.0818972354729486
