feature,importance
make,0.08516161086063592
model,0.20501011494776322
color,0.014643614473069898
city,0.031990728233314614
state,0.0032648057077468763
zip_code,0.000557204995749383
year_num,0.4860564961581767
mileage_num,0.9016598442279447
