feature,importance
make,0.08737865189387928
model,0.039917120679958874
color,0.010317468924904682
city,0.03292495783505915
state,0.01808156346197467
zip_code,0.0012511344278000268
year_num,0.603752974212129
mileage_num,0.8158902974090292
