feature,importance
make,0.16933563141244026
model,0.6488979325749592
color,0.002790858916578487
city,0.02555630007838434
state,0.002981103053852796
zip_code,0.0
year_num,0.5018178818856812
mileage_num,0.5235818299764716
