feature,importance
make,0.18567927945448673
model,0.059723242706635114
color,0.01972058689009264
city,0.010310531265132438
state,0.0033019156095857928
zip_code,0.002782302785261126
year_num,0.9612082150643747
mileage_num,0.8718164508875633
