feature,importance
make,0.11448750993718497
model,0.7837079455667267
color,0.05185889570230236
city,0.03044773834996386
state,0.0013761060029557903
zip_code,0.0009384210285528604
year_num,0.4882225869919754
mileage_num,0.5256816183226942
