feature,importance
make,0.08207574919215785
model,0.28831491778034446
color,0.027336946451203836
city,0.14393458063612957
state,0.062353522871482416
zip_code,0.005280337172318905
year_num,0.7454128678681221
mileage_num,0.6485313025530334
