feature,importance
make,0.16689823896222067
model,0.6543167799469476
color,0.10523302508892488
city,0.009949803394328095
state,0.005009360606399604
zip_code,0.0003655973111602151
year_num,0.4077188876978358
mileage_num,0.592878181463837
