feature,importance
make,0.11647935482962046
model,0.003963152297535855
color,0.0
city,0.0381737066620786
state,0.0
zip_code,0.0
year_num,0.6627942534786733
mileage_num,0.6168119470964715
