feature,importance
make,0.11844741157546317
model,0.0341253237654594
color,0.01847290620005306
city,0.07618004815954207
state,0.025998134565829466
zip_code,0.0025360477662778047
year_num,0.8208544429574138
mileage_num,0.7729167198255041
