feature,importance
make,0.08258531019136642
model,0.8377742492527446
color,0.026038026258926282
city,0.06945733803294223
state,0.05684537750165919
zip_code,0.0071883206343864355
year_num,0.5132369836417212
mileage_num,0.45146012389151446
