feature,importance
make,0.015153984071936133
model,0.0
color,0.018618664424801624
city,0.0344065852216854
state,0.0
zip_code,0.0
year_num,0.4958815262196186
mileage_num,0.5011562629198844
