feature,importance
make,0.1266155096878023
model,0.7332407057098843
color,0.03285735027484771
city,0.12447373491525704
state,0.002409569907070974
zip_code,0.011536919609482244
year_num,0.6119181115996579
mileage_num,0.47212597416819185
