feature,importance
make,0.15237840997291752
model,0.05915516489600654
color,0.0854816737560737
city,0.10349771656330722
state,7.5382010832347746e-06
zip_code,0.001475874182045489
year_num,1.1711760732480376
mileage_num,0.6954098967330695
