feature,importance
make,0.1905105865003934
model,0.1564438052965761
color,0.07123399395370625
city,0.06675449316649221
state,0.0030232003491038385
zip_code,0.0017337033908882305
year_num,0.7902319287926381
mileage_num,0.774048991740391
