feature,importance
make,0.016561640573589175
model,0.0
color,0.007807892749062706
city,0.037120069896022435
state,0.0
zip_code,0.0
year_num,0.8764058667655557
mileage_num,0.24756600575548707
