feature,importance
make,0.0
model,0.0
color,0.007772097447059934
city,0.0
state,0.0
zip_code,0.0
year_num,0.2831130483256616
mileage_num,0.5480243928266308
