feature,importance
make,0.06490327632980668
model,0.026766070563917797
color,0.02832482929617275
city,0.020998117197689892
state,0.0006649073909335446
zip_code,0.0007704422786021681
year_num,0.7796315448063273
mileage_num,0.6398199714828305
