feature,importance
make,0.25116148431133134
model,0.19966788872420219
color,0.007132545172451566
city,0.006272281876146635
state,0.09105113404259872
zip_code,0.002309398632322357
year_num,0.9183049406250945
mileage_num,0.5346513713370338
