feature,importance
make,0.18177181479091362
model,0.6347167363358371
color,0.010629503954355713
city,0.0067253229658671195
state,0.0017764494691250078
zip_code,0.0006191887046493871
year_num,0.7679815564133637
mileage_num,0.3359969838672365
