feature,importance
make,0.1853596671715117
model,0.023979933909341434
color,0.018125424689561798
city,0.03443446906315715
state,0.04813180783185489
zip_code,0.000725534637707459
year_num,0.7526288044998919
mileage_num,0.6212990404783499
