feature,importance
make,0.16812784714454757
model,0.31266869677650844
color,0.01568258241626106
city,0.023026919295611313
state,0.07569222168288676
zip_code,0.006555403113834135
year_num,0.7714218334596235
mileage_num,0.5506151344482607
