feature,importance
make,0.29928375479312497
model,0.027572608527996124
color,0.08796940279755686
city,0.00010887977127544967
state,0.0
zip_code,0.0029485523010543747
year_num,0.7959140222958307
mileage_num,1.2685086883386227
