feature,importance
make,0.17400864621910417
model,0.03634139550590494
color,0.00992773589168099
city,0.12920410600182378
state,0.01340052196489494
zip_code,0.0009648934047959302
year_num,0.8702421384434806
mileage_num,0.6310107404963864
