feature,importance
make,0.1265929416075027
model,0.4765075044914916
color,0.10174709076375163
city,0.11702178833383137
state,0.006858576204566358
zip_code,0.004163913484697091
year_num,0.628781524486047
mileage_num,0.770226345504244
