feature,importance
make,0.08131200216606642
model,0.0
color,0.02090577845977546
city,0.0
state,0.0
zip_code,0.0
year_num,0.6117953107460642
mileage_num,0.4970774919763524
