feature,importance
make,0.0975392381744958
model,0.03948405884692372
color,0.024447601550483998
city,0.10656593384832444
state,0.002098902886456244
zip_code,0.0015805733493910346
year_num,0.5077419778305826
mileage_num,1.1082513766614237
