feature,importance
make,0.14218195119461566
model,0.32342113524327243
color,0.050158242551626445
city,0.010958890033872248
state,0.04601667039881936
zip_code,0.0005515944051794009
year_num,0.4058838829435188
mileage_num,0.797233509383375
