feature,importance
make,0.12239220428678346
model,0.0489000915773405
color,0.032589645009062695
city,0.03725090759441958
state,0.01687933525655163
zip_code,0.0035077965853593353
year_num,0.6417445023213835
mileage_num,0.8791311760628788
