feature,importance
make,0.11837817958962224
model,0.7850634055236263
color,0.03228808874547926
city,0.054113182529885485
state,0.00045448981040960843
zip_code,0.01119162476946598
year_num,0.5065777574123376
mileage_num,0.5114232053839606
