feature,importance
make,0.06598491429964663
model,0.1974165193814227
color,0.015487875462921807
city,0.09303710476090606
state,0.043366005903694195
zip_code,0.011004337362716643
year_num,0.6208255850034916
mileage_num,0.7031540754150313
