feature,importance
make,0.09417991511724928
model,0.08091875405201451
color,0.0395193908786378
city,0.036403032592105956
state,0.002206123770583557
zip_code,0.002231271239218513
year_num,0.5180712735102994
mileage_num,1.1384048979241075
