feature,importance
make,0.024357331037838416
model,0.0
color,0.02416218559660579
city,0.04025630958515545
state,0.0
zip_code,0.0
year_num,0.7902051536504712
mileage_num,0.2684884778746338
