feature,importance
make,0.09495846557170493
model,0.005573470271377623
color,0.02272252787416551
city,0.0
state,0.0
zip_code,0.0
year_num,0.7331458996000775
mileage_num,0.5863464680940307
