feature,importance
make,0.141292471284802
model,0.29247105020863123
color,0.018286286911085158
city,0.046188551480059736
state,0.19353382800810065
zip_code,0.020464708066079564
year_num,0.4935358513098837
mileage_num,0.46749967540115855
