feature,importance
make,0.11475167145650025
model,0.39144680843330903
color,0.014195933120846438
city,0.02337404690720346
state,0.10653394524102888
zip_code,0.0012611931816798537
year_num,0.6485006813879195
mileage_num,0.4070505773108263
