feature,importance
make,0.170547777624583
model,0.1755346863176478
color,0.056112584501191054
city,0.028685801144688817
state,0.07508602042012946
zip_code,0.0006385828940035365
year_num,0.6798195993345797
mileage_num,0.7030003922032868
