feature,importance
make,0.12021699243277936
model,0.1839167960074236
color,0.029140400972715842
city,0.05076775757947207
state,0.0012897628475915912
zip_code,0.0026692350642041783
year_num,0.5763942306057186
mileage_num,0.8711196136710854
