feature,importance
make,0.05316377351943824
model,0.031057189310135836
color,0.002790236486727338
city,0.02160264200434423
state,0.0014576260145636067
zip_code,0.0
year_num,0.6973378624117301
mileage_num,0.49676659112694777
