feature,importance
make,0.09587857423138324
model,0.00216373691234919
color,0.049001131521749564
city,0.0
state,0.0
zip_code,0.0008827697719860028
year_num,0.7221699875943001
mileage_num,0.634791729717995
