feature,importance
make,0.10542577872949903
model,0.04837160784886265
color,0.03003657526240926
city,0.03023682850307561
state,0.0012045347269879158
zip_code,0.0018020780312064887
year_num,0.5439356196030998
mileage_num,1.1216592695046423
