feature,importance
make,0.15770010119212124
model,0.2679178275517228
color,0.02894886711149869
city,0.10922220272516148
state,0.0
zip_code,0.0028122722253436593
year_num,0.6179800092613364
mileage_num,0.5983922113202251
