feature,importance
make,0.006843706067007638
model,0.0
color,0.012206679889504279
city,0.0034125114453150028
state,0.0
zip_code,0.0
year_num,0.33174156833613144
mileage_num,0.39861286663261314
