feature,importance
make,0.03746643507348439
model,0.7700952445437521
color,0.023793717802281077
city,0.014443155112303074
state,0.07675261581712137
zip_code,0.0
year_num,0.37721200894777535
mileage_num,0.37636933477642925
