feature,importance
make,0.10421802995746879
model,0.839028813852359
color,0.08213828577326465
city,0.03520367837458445
state,0.0008471034389129217
zip_code,0.0033479456775401097
year_num,0.5693252909033347
mileage_num,0.5292391550051719
