feature,importance
make,0.1197424768659086
model,0.48571350042719674
color,0.06357123836543892
city,0.011849451872658512
state,0.007975134190545208
zip_code,0.0028992774927411036
year_num,0.6149742084344834
mileage_num,0.7878166734930607
