feature,importance
make,0.2960688501510663
model,0.49160459641679866
color,0.03599685145885947
city,0.04415852792835932
state,2.029190280725679e-05
zip_code,0.0062899448163751485
year_num,0.585952358732011
mileage_num,0.8201111518264739
