feature,importance
make,0.10885650532176239
model,0.25970117883382615
color,0.024046308624771508
city,0.06611314320867845
state,0.023452773247153648
zip_code,0.0
year_num,0.5478068384747083
mileage_num,0.7207896907245558
