feature,importance
make,0.06813653208239623
model,0.02063326339587892
color,0.010903619856322511
city,0.08243417389755572
state,0.0
zip_code,0.0006636536033743257
year_num,0.8598773112209956
mileage_num,0.5618322586681311
