feature,importance
make,0.0015397613159960244
model,0.0
color,0.034079974009852944
city,0.0
state,0.0
zip_code,0.0
year_num,0.9358934936409355
mileage_num,0.13761431789776077
