feature,importance
make,0.12032560322449051
model,0.34758428681703213
color,0.02491095190345376
city,0.005413121257225528
state,0.10818574576919548
zip_code,0.0
year_num,0.5254218109480198
mileage_num,0.5222399308932463
