feature,importance
make,0.2776663751954591
model,0.005540961292551683
color,0.007336942573062011
city,0.03767878573955883
state,0.030583204871974766
zip_code,0.0007453540206795228
year_num,0.551270928432831
mileage_num,0.3236273352795018
