feature,importance
make,0.11025151927826944
model,0.030239188516388203
color,0.008460821463779754
city,0.04036821235534804
state,0.016192671669540592
zip_code,0.0
year_num,0.5882685861757893
mileage_num,0.7336226563100993
