feature,importance
make,0.10024550951578863
model,0.6566900263720308
color,0.03830396763730885
city,0.00759511837119804
state,0.0
zip_code,0.006627210202375911
year_num,0.42711752382359747
mileage_num,0.539264001590641
