feature,importance
make,0.12296872550295976
model,0.013047265281264254
color,0.03735941723193799
city,0.00025338026461751983
state,0.0
zip_code,0.0
year_num,0.7092147096267705
mileage_num,0.8077699706776219
