feature,importance
make,0.13799491397306718
model,0.07364113007763509
color,0.058148633033312656
city,0.10945622789742585
state,0.00012408866858781842
zip_code,0.0006807696121339246
year_num,1.0903101398502648
mileage_num,0.8427578965724798
