feature,importance
make,0.0
model,0.0
color,0.032364571988478016
city,0.003645132136960383
state,0.0
zip_code,0.0
year_num,0.24508538963206766
mileage_num,0.7819350438346117
