feature,importance
make,0.2564204481586145
model,0.6800616615857169
color,0.02626096641134168
city,0.06220626997884575
state,0.0009508684271809064
zip_code,0.0007745069162769403
year_num,0.6333803948561132
mileage_num,0.5114053829917957
