feature,importance
make,0.07550544751086122
model,0.03486307916256748
color,0.06578558258197427
city,0.0013359831850022542
state,0.0
zip_code,0.0012659670542258805
year_num,0.9312083459565116
mileage_num,1.2541722693828026
