feature,importance
make,0.11295294991609531
model,0.540511229697616
color,0.06683071059926735
city,0.02554502847964397
state,0.0006679295867001889
zip_code,0.008217236706636655
year_num,0.7215250052321026
mileage_num,0.7046933013621026
