feature,importance
make,0.09994656618502289
model,0.053571525583489835
color,0.08321177091118007
city,0.11155576285481919
state,0.00036061898840455964
zip_code,0.0005839704157793779
year_num,1.1060123187029738
mileage_num,0.6222471367144649
