feature,importance
make,0.14065772966876333
model,0.07109764706337755
color,0.015137926499336074
city,0.0293685684047821
state,0.00265987540723287
zip_code,0.0014029138966826337
year_num,0.6581387854455644
mileage_num,0.9429553734333735
