feature,importance
make,0.06769528389024819
model,0.06925344223850034
color,0.0245808758581904
city,0.0464557871248551
state,0.002128422252736395
zip_code,0.0015676841342714854
year_num,0.4429544419117234
mileage_num,1.1717865313136062
