feature,importance
make,0.2047309820548556
model,0.0
color,0.02286670698703157
city,0.013524445065409174
state,0.009316593648100247
zip_code,0.0021890846164199563
year_num,0.26789024984736765
mileage_num,0.5493156410957207
