feature,importance
make,0.16437602440288904
model,0.18232896145492813
color,0.058451536391181905
city,9.296586611597934e-05
state,0.0030247436908465986
zip_code,0.0008469016793189122
year_num,0.7943879293947868
mileage_num,0.67822085591745
