feature,importance
make,0.2354503167779094
model,0.02296391917354208
color,0.027718652229406903
city,0.0
state,0.0
zip_code,0.0
year_num,1.178198532593026
mileage_num,0.22976476385721284
