feature,importance
make,0.002336177447783849
model,0.0
color,0.011246373291924638
city,0.00043907142449952643
state,0.0
zip_code,0.0
year_num,0.5137665832767874
mileage_num,0.5366613663865395
