feature,importance
make,0.10224629166123585
model,0.04507223293160354
color,0.027156112541043352
city,0.1292383012106439
state,2.00422616964957e-05
zip_code,0.0013518094454748164
year_num,0.586192506827232
mileage_num,1.135457513843494
