feature,importance
make,0.03716588392332718
model,0.06560313715689672
color,0.013116224698666157
city,0.012910204559157767
state,0.002427903510414198
zip_code,0.0
year_num,0.46974256230745626
mileage_num,0.9407101067873338
