feature,importance
make,0.13918044575418495
model,0.5326572038442586
color,0.07638215151065178
city,0.012414362541718882
state,0.0
zip_code,1.5440041756242805e-08
year_num,0.6174693463197778
mileage_num,0.7214646152765903
