feature,importance
make,0.001171516563470898
model,0.0
color,0.0529947084805237
city,0.0005678782290694962
state,0.0
zip_code,0.0
year_num,0.4847660824407896
mileage_num,0.6388205990536658
