feature,importance
make,0.10351531321835242
model,0.6825578985022849
color,0.0018814447310428583
city,0.04686542828639204
state,0.0018227568579730403
zip_code,0.0
year_num,0.49020622688226007
mileage_num,0.474821865646862
