feature,importance
make,0.01879893964819983
model,0.014353999804154128
color,0.00968984466986631
city,0.03388043782258987
state,0.0
zip_code,0.0
year_num,0.6324026435825696
mileage_num,0.4111942824585849
