feature,importance
make,0.17989356093896777
model,0.2941119036963161
color,0.009682554361417517
city,0.03214373623636981
state,0.0735826758680217
zip_code,0.0032469814536987716
year_num,0.6736135131646673
mileage_num,0.5114040186749873
