feature,importance
make,0.07664776057375056
model,0.11150989729258687
color,0.0
city,0.0
state,0.0
zip_code,0.0
year_num,0.504766479988504
mileage_num,1.080510804582243
