feature,importance
make,0.17232023271853514
model,0.12925105790169614
color,0.038872722955433425
city,0.00844102486339251
state,0.0
zip_code,0.0006997966627815932
year_num,0.6002443586346433
mileage_num,0.9325842288987743
