feature,importance
make,0.022150973122113494
model,0.0
color,0.02082370294634712
city,0.03230336075752447
state,0.0
zip_code,0.0
year_num,0.9001245870073458
mileage_num,0.32728282968035965
