feature,importance
make,0.04298159560331325
model,0.015423639910056042
color,0.003982503094517531
city,0.1117238745373931
state,0.0015530862951101288
zip_code,0.0010015069708238622
year_num,0.923253771006809
mileage_num,0.6911811387656451
