feature,importance
make,0.1921599750277725
model,0.028723910224902238
color,0.01666100294201609
city,0.0010960104787593795
state,0.0013872183930372817
zip_code,0.0015015491968976224
year_num,0.7370400252739526
mileage_num,0.9346806221815486
