feature,importance
make,0.1856868375692696
model,0.5002763532109796
color,0.08871665467468456
city,0.04342118118526543
state,0.0
zip_code,0.005671193566820487
year_num,0.7652954609583345
mileage_num,0.6623635996716131
