feature,importance
make,0.11607659533113383
model,0.23713235378483524
color,0.01735012918843202
city,0.011004783081635772
state,0.011584356645142745
zip_code,0.0031084448098618544
year_num,0.5634827824110403
mileage_num,0.49736637241744186
