feature,importance
make,0.07034159096323316
model,0.19660186299794533
color,0.06772068945991709
city,0.0
state,0.005297051584996937
zip_code,0.0
year_num,0.6504158552367982
mileage_num,0.5937895052801071
