feature,importance
make,0.5094154038444907
model,0.0124630077305927
color,0.004115108607238316
city,0.0
state,0.0
zip_code,0.0
year_num,1.7410854632734345
mileage_num,0.3866676194986799
