feature,importance
make,0.1632405351333735
model,0.07701479059680087
color,0.002049704297172661
city,0.03246446429289109
state,0.004196281239743671
zip_code,0.0
year_num,1.2897964512153752
mileage_num,0.4465926806891776
