feature,importance
make,0.13476410991670307
model,0.06315927198308269
color,0.06823839131648853
city,0.022149001996584004
state,0.0027101023914442913
zip_code,0.0
year_num,0.9217841964842476
mileage_num,0.813135082424943
