feature,importance
make,0.0885993635782647
model,0.07047645477797881
color,0.011464436373959618
city,0.04609331358486264
state,0.002529015198845874
zip_code,0.002147263552868228
year_num,0.4942822407521966
mileage_num,1.083066699043126
