feature,importance
make,0.24092884030047895
model,0.0156952371071045
color,0.056070829601550874
city,0.0023599390563765477
state,0.0
zip_code,0.0013052044206983914
year_num,0.7727154159184126
mileage_num,1.151842668529475
