feature,importance
make,0.15992071076808712
model,0.28501639638122356
color,0.03165668656916383
city,0.02587625357283594
state,0.0019273101509431844
zip_code,0.0012117399288092967
year_num,0.4693176460869969
mileage_num,1.0072960725558084
