feature,importance
make,0.010815760395997364
model,0.0
color,0.025834550501679043
city,0.04486018228189674
state,0.0
zip_code,0.0
year_num,0.5186947040228168
mileage_num,0.5550953546439026
