feature,importance
make,0.27921422409963037
model,0.0388008233154129
color,0.034987755558715986
city,0.028719194983902695
state,0.06984463201571729
zip_code,0.001556224753694102
year_num,1.0764137710451982
mileage_num,0.7516262723113554
