feature,importance
make,0.1617969877272475
model,0.006407065346284657
color,0.013166855224686257
city,0.0
state,0.0
zip_code,0.0
year_num,1.1069860280313155
mileage_num,0.23968159481322077
