feature,importance
make,0.04925358781111935
model,0.15648755393584302
color,0.0
city,0.0
state,0.01667494866767183
zip_code,0.0
year_num,0.34448462787601286
mileage_num,0.7464015018466057
