feature,importance
make,0.1685433135277876
model,0.07284759555126559
color,0.01627661374138405
city,0.0008512682698578633
state,0.013882141779762902
zip_code,0.0012556203677269728
year_num,0.6514469652594503
mileage_num,0.7571247941245398
