feature,importance
make,0.10570075164018755
model,0.05762887282332387
color,0.021836977178872275
city,0.00019035720373283826
state,0.06883889987133304
zip_code,0.0
year_num,0.8334692707767954
mileage_num,0.7255046690169479
