feature,importance
make,0.014949636070568295
model,0.0
color,0.02823559288497233
city,0.045845521508705286
state,0.0
zip_code,0.0
year_num,0.8132102328251876
mileage_num,0.23967655727644982
