feature,importance
make,0.1324486462865147
model,0.0034870178387639283
color,0.04282120658877968
city,0.0024291851806099276
state,0.0
zip_code,0.0009658614747030559
year_num,0.6834285021563093
mileage_num,0.5815139844033059
