feature,importance
make,0.12624602268969498
model,0.19996856304535804
color,0.054050387748842924
city,0.007808784659155488
state,0.0052421024245200565
zip_code,0.0
year_num,0.7083434520761823
mileage_num,0.620248584311986
