feature,importance
make,0.07174729236070702
model,0.07504819776928744
color,0.03263467343125646
city,0.03678415090650513
state,0.0024608361159119017
zip_code,0.0021485297413921913
year_num,0.44815998187684586
mileage_num,1.2521072937165578
