feature,importance
make,0.11725691896927497
model,0.47377391243762174
color,0.0905204528247218
city,0.12023215622509151
state,0.010335853640855475
zip_code,0.004067525449440512
year_num,0.6982165484445919
mileage_num,0.5773895634831223
