feature,importance
make,0.07758399719130027
model,0.047608555223891555
color,0.0003941426828940831
city,0.05886681590712264
state,0.022111192250270785
zip_code,9.58207931054389e-05
year_num,1.1502680632068523
mileage_num,0.4521505130458647
