feature,importance
make,0.1221982722685487
model,0.01604807481284314
color,0.05355190281203268
city,0.0017701118091661082
state,0.0198591088265772
zip_code,0.0007733677718094745
year_num,0.6988582422231826
mileage_num,0.7110479746886934
