feature,importance
make,0.10001539408671849
model,0.752639512750753
color,0.04911439447881214
city,0.06795302859879822
state,0.06854169490407899
zip_code,0.0018530615481886503
year_num,0.5416518370715624
mileage_num,0.488233853670767
