feature,importance
make,0.21051747721829495
model,0.011926395938248758
color,0.02731462533783402
city,0.0023135042317744105
state,0.0
zip_code,0.0
year_num,0.7923628839072896
mileage_num,0.7379843241797015
