feature,importance
make,0.10734411547493006
model,0.14692951645968916
color,0.010247177967348553
city,9.623371398268521e-05
state,0.019550342344184513
zip_code,0.00045136373897505246
year_num,0.440755579368989
mileage_num,0.8239386450182826
