feature,importance
make,0.16067498922047826
model,0.36569537682863534
color,0.024283976004093665
city,0.03184389532113989
state,0.0
zip_code,0.0004348451355989269
year_num,0.6052215995430421
mileage_num,0.7540696207701865
