feature,importance
make,0.005952495962150773
model,0.0
color,0.0494213743645552
city,0.00012084373942922166
state,0.0
zip_code,0.0
year_num,0.7974551083090565
mileage_num,0.27829181229099537
