feature,importance
make,0.11581679168002992
model,0.30102538315284233
color,0.01735832651029141
city,0.09306431897377596
state,0.10738767522694377
zip_code,0.0066033285854553815
year_num,0.7676642481660045
mileage_num,0.5405944885283315
