feature,importance
make,0.011272136723919801
model,0.0
color,0.02801621448655982
city,0.02906893198554965
state,0.0
zip_code,0.0
year_num,0.5096595249246263
mileage_num,0.5573235745827443
