feature,importance
make,0.08301208799911028
model,0.004313904770079357
color,0.010387561999130579
city,0.046340444101283
state,0.05042756412597038
zip_code,0.0016109508701220633
year_num,0.7214216934826526
mileage_num,0.4187534704068584
