feature,importance
make,0.2614857400909569
model,0.026589034169084404
color,0.019630164051501486
city,0.09582128561941247
state,0.0013921339709879188
zip_code,0.0023214120411978677
year_num,1.115371383520922
mileage_num,0.6678997676098529
