feature,importance
make,0.14539080002611343
model,0.479184382000949
color,0.08295780338991046
city,0.11142692820030146
state,0.008920279979916868
zip_code,9.047703074946956e-05
year_num,0.6048611331234578
mileage_num,0.7728765146701632
