feature,importance
make,0.10112869399731146
model,0.00923370951826823
color,0.06292408684614514
city,4.448283987761315e-05
state,0.0
zip_code,0.0009034441241550839
year_num,0.7537014034104061
mileage_num,0.7749682288254585
