feature,importance
make,0.23190986810953412
model,0.1850867668294081
color,0.033717476644326096
city,0.033880953142799285
state,0.07441487087962276
zip_code,0.0007254442843715791
year_num,0.6887222826426471
mileage_num,0.775415282794025
