feature,importance
make,0.10662653577629391
model,0.19439113970893307
color,0.00876913090832101
city,0.11798962117012168
state,0.0933191079717387
zip_code,0.0
year_num,0.6847413836054457
mileage_num,0.5343152719217382
