feature,importance
make,0.20469756061221647
model,0.03535473933684201
color,0.008955530349129992
city,0.0022664455609476388
state,0.05155517783780446
zip_code,0.0010916877947296122
year_num,0.6444604671421168
mileage_num,0.6686638884697452
