feature,importance
make,0.15714046514797728
model,0.18201977420878823
color,0.017959008957813216
city,0.026005153675429417
state,0.0
zip_code,0.0076248156955348815
year_num,0.5115528503654623
mileage_num,0.543892103340932
