feature,importance
make,0.20637281737672883
model,0.0914101517599156
color,0.035450081495382715
city,0.0265233278983646
state,0.002373344538664801
zip_code,0.0019930317851019285
year_num,0.896152249688857
mileage_num,0.938594344778933
