feature,importance
make,0.16406741740502992
model,0.028448328106001775
color,0.016404936390377788
city,0.0012005945877231027
state,0.002466632859941287
zip_code,0.0011146477779232055
year_num,0.9033921582943398
mileage_num,1.0052926878601935
