feature,importance
make,0.1118117983588105
model,0.034785047166774885
color,0.05628726464833944
city,0.0012667515623873582
state,0.018860724913389304
zip_code,0.0008853521931183606
year_num,0.7413371919659555
mileage_num,0.7393904576245067
