feature,importance
make,0.014279051195791648
model,0.00622776008652135
color,0.01112305059679497
city,0.0
state,0.0
zip_code,0.0
year_num,0.9025844261549665
mileage_num,0.32553650776770277
