feature,importance
make,0.08587885714851792
model,0.5866594066517555
color,0.01651426811953143
city,0.038052973936534104
state,0.0022122145836775743
zip_code,0.00272855427863663
year_num,0.4951381235018208
mileage_num,0.3791219073140093
