feature,importance
make,0.10703958411283983
model,0.04912583065989358
color,0.040764233822756755
city,0.004717705152803608
state,0.08464187787154417
zip_code,0.04153165410302029
year_num,1.0994902732070653
mileage_num,0.45576380822931756
