feature,importance
make,0.050295969684272725
model,0.2362687216805038
color,0.007182591513038417
city,0.02213404453874195
state,0.0
zip_code,0.0
year_num,0.24973932281660485
mileage_num,0.8305248723001533
