feature,importance
make,0.056339699937329055
model,0.0
color,0.0
city,0.0
state,0.0
zip_code,0.0
year_num,0.5239198781481125
mileage_num,0.7164962767923133
