feature,importance
make,0.07374894568968393
model,0.2129139286823775
color,0.0537289904240867
city,0.1350235757313222
state,0.10541703192749785
zip_code,0.0032835256720416205
year_num,0.5706346611053174
mileage_num,0.6780610002035589
