feature,importance
make,0.17197988374591586
model,0.21888780771370797
color,0.018988610054323396
city,0.027733075882675907
state,0.05224299382913657
zip_code,0.0009053098215392463
year_num,0.8262220138968356
mileage_num,0.4485527180364797
