feature,importance
make,0.09276676320815982
model,0.0535590937163708
color,0.029400519154382777
city,0.0
state,0.0
zip_code,0.0
year_num,0.6661980508297013
mileage_num,0.983487350538659
