feature,importance
make,0.20021922005258252
model,0.16342165490332378
color,0.02507853554773116
city,0.014660255060160799
state,0.004610244150679033
zip_code,0.001974470942463835
year_num,0.6794166225894508
mileage_num,1.001877770947866
