feature,importance
make,0.17961303625452554
model,0.20984919014973552
color,0.04404689169511618
city,0.011974310545513811
state,0.036459588187534434
zip_code,0.0021436141315497757
year_num,0.47478780346767585
mileage_num,0.7090928849306283
