feature,importance
make,0.11356579905645045
model,0.07609442212196826
color,0.06321356098324467
city,0.04645806225690696
state,0.0032221707012371594
zip_code,0.0
year_num,1.0386954721817312
mileage_num,0.7358896788519752
