feature,importance
make,0.07853688733754223
model,0.23890199529459358
color,0.014302533506279436
city,0.09872906289307262
state,0.07575371901568602
zip_code,0.0031365571182865757
year_num,0.504495306639709
mileage_num,0.5802540498246297
