feature,importance
make,0.20493278040647667
model,0.03355497522613844
color,0.061073429927601765
city,0.0
state,0.0
zip_code,0.0
year_num,0.7883171293805027
mileage_num,1.138862540017176
