feature,importance
make,0.017390287614410038
model,0.24793626538811445
color,0.025649257132381864
city,0.09797896191828634
state,0.04051847267601971
zip_code,0.001046746529493503
year_num,0.4573184610828715
mileage_num,0.5959584552403573
