feature,importance
make,0.09679020972419686
model,0.05611899348719842
color,0.01778366659321291
city,0.07033942067457574
state,0.002459746772335736
zip_code,0.002220385170654482
year_num,0.6366299671450198
mileage_num,1.2008956474316677
