feature,importance
make,0.11675789969410873
model,0.0447511141387759
color,0.027787985549501616
city,0.03151272386039703
state,0.001129567022978284
zip_code,0.0019460408619679016
year_num,0.5125200840492237
mileage_num,1.1359382357619192
