feature,importance
make,0.00013538215672666
model,0.0
color,0.020300530615784008
city,0.0
state,0.0
zip_code,0.0
year_num,0.7738254043590641
mileage_num,0.10052064212819878
