feature,importance
make,0.05250349838491852
model,0.217405168573063
color,0.009017852135289984
city,0.07660274071947723
state,0.03886304359654904
zip_code,0.01844993189590316
year_num,0.702094473290113
mileage_num,0.46020365229668075
