feature,importance
make,0.1182198287465295
model,0.5530074779499101
color,0.008942606878544378
city,0.030879290662830083
state,0.06321961885325947
zip_code,0.019834166079317938
year_num,0.5033447625877555
mileage_num,0.4110064698770122
