feature,importance
make,0.00469525864077176
model,0.0
color,0.031521258869877625
city,0.0
state,0.0
zip_code,0.0
year_num,0.944528070169383
mileage_num,0.32679730202937596
