feature,importance
make,0.5091925139481255
model,0.01777256856764351
color,0.041645727271072984
city,0.005846447225869422
state,0.0
zip_code,0.0
year_num,1.7200007561709214
mileage_num,0.41465651293176026
