feature,importance
make,0.09146387277273567
model,0.6120849510270504
color,0.03954492555861404
city,0.059197121665576266
state,0.07738172529851947
zip_code,0.0014541279428268883
year_num,0.44984151319964544
mileage_num,0.4706107904587751
