feature,importance
make,0.08961640542023115
model,0.05959575584175984
color,0.02685198677842824
city,0.06709657049447115
state,0.0013415403829694528
zip_code,0.001557420850703095
year_num,0.7213501043393888
mileage_num,1.0471510658167493
