feature,importance
make,0.12292051447635385
model,0.0641442549535943
color,0.07862756591569861
city,0.1032495834458532
state,0.0
zip_code,0.0005836633526696388
year_num,1.1529453384596993
mileage_num,0.6545051038747343
