feature,importance
make,0.15013877005612905
model,0.020283420843495815
color,0.017068670876582946
city,0.03788703580633594
state,0.02030952967069184
zip_code,0.0
year_num,0.6504821737514697
mileage_num,0.6395134302992614
