feature,importance
make,0.007356071276154274
model,0.0
color,0.013466795934912934
city,0.0
state,0.0
zip_code,0.0
year_num,0.8538584808809935
mileage_num,0.09792788279480125
