feature,importance
make,0.12112049983246982
model,0.31391935176197333
color,0.026577472134952807
city,0.0283902532346491
state,0.04760472813887771
zip_code,0.005042514821333777
year_num,0.4189705226921829
mileage_num,0.7632875803867
