feature,importance
make,0.17986167053877794
model,0.16695479315812198
color,0.02591162452821245
city,0.03128698874820177
state,0.016038761882948394
zip_code,0.0018629891543168631
year_num,0.5267633790068833
mileage_num,0.7875510822513837
