feature,importance
make,0.10054300267776925
model,0.4685021857276225
color,0.11741924360948253
city,0.1113244921262514
state,0.0049793225285285295
zip_code,0.0
year_num,0.7025684658541567
mileage_num,0.6244787753992272
