feature,importance
make,0.0937999613446614
model,0.6571338525583161
color,0.009962127128205833
city,0.019952764438529957
state,0.0029949787595806797
zip_code,0.0015879973552970883
year_num,0.39028512919053615
mileage_num,0.505254590053609
