feature,importance
make,0.11337742315692634
model,0.3388530948338607
color,0.022741561959463464
city,0.12618942192394553
state,0.08452818807216837
zip_code,0.013306172402371775
year_num,0.5324762063930069
mileage_num,0.6780430908011821
