feature,importance
make,0.10923724557095107
model,0.21497600869425054
color,0.027137081289105015
city,0.1187367016915466
state,0.07132978382185581
zip_code,0.0020872899669799995
year_num,0.5841660564056643
mileage_num,0.7025402405977392
