feature,importance
make,0.02271025651477867
model,0.29444760589768604
color,0.0011010365667036615
city,0.11053101766004411
state,0.0
zip_code,0.0
year_num,0.5758423649974344
mileage_num,0.6043629942963927
