feature,importance
make,0.0914981320638453
model,0.2720531386656916
color,0.04154767471534519
city,0.05743287969244944
state,0.021012542412414504
zip_code,0.0021137577465460966
year_num,0.6031167006639215
mileage_num,0.7471309457400244
