feature,importance
make,0.05331975124750443
model,0.026564407782745936
color,0.01752313172354174
city,0.08441193573977172
state,0.0008610974440011132
zip_code,0.0011759231207863375
year_num,0.5446616131223082
mileage_num,1.0790143976540914
