feature,importance
make,0.1123716365304486
model,0.29009812418533104
color,0.01966553753778739
city,0.0037736785343973622
state,0.04179224543610072
zip_code,0.0
year_num,0.40528260766940605
mileage_num,0.7065329697684434
