feature,importance
make,0.26618940319013856
model,0.05695787907580787
color,0.14954695018869602
city,0.019364162806081997
state,0.0
zip_code,0.0032518330397664163
year_num,0.8902514735500707
mileage_num,1.1761717243993899
