feature,importance
make,0.08686502251119135
model,0.22751485232031876
color,0.010641840726748652
city,0.07700011598707954
state,0.001715485228442315
zip_code,0.00032142284339811147
year_num,0.6976319077427755
mileage_num,0.568599680565559
