feature,importance
make,0.1001897757716996
model,0.287799041860432
color,0.02814148505150933
city,0.1578080830132632
state,0.0066056445927885395
zip_code,0.0010414028684642806
year_num,0.7175685576855384
mileage_num,0.7343380826123519
