feature,importance
make,0.0
model,0.0
color,0.02226756476263827
city,0.0
state,0.0
zip_code,0.0
year_num,0.28585976898406706
mileage_num,0.6301721618347308
