feature,importance
make,0.14712669850420715
model,0.0031584427030834526
color,0.0356345496216909
city,0.0
state,0.0
zip_code,0.0
year_num,0.7134458219381055
mileage_num,0.5837238614026695
