feature,importance
make,0.1354941084448602
model,0.0022084597445753973
color,0.0
city,0.0
state,0.0
zip_code,0.0
year_num,0.7151872076406613
mileage_num,0.8335055750657017
