feature,importance
make,0.12262841751272584
model,0.31078663862023875
color,0.02024270613504009
city,0.13669773029332555
state,0.09778909644347278
zip_code,0.005403291368488605
year_num,0.6637640292797898
mileage_num,0.6522760189056545
