feature,importance
make,0.013488134197074331
model,0.0018353451069207827
color,0.004350101297922659
city,0.08897054923561512
state,0.03441396139740334
zip_code,0.0008692867349517908
year_num,0.47860710098313247
mileage_num,0.3480037268901825
