feature,importance
make,0.21228011634730864
model,0.6949890356112356
color,0.01827534221020748
city,0.05665543132601749
state,0.002263757900823582
zip_code,0.0031773647608651424
year_num,0.6107628280689534
mileage_num,0.4361053613283211
