feature,importance
make,0.08211248905286812
model,0.3432232453190071
color,0.015487852024265591
city,0.019737651686070046
state,0.07080793572743249
zip_code,0.0011535304646263177
year_num,0.5210322056839329
mileage_num,0.5787054303053221
