feature,importance
make,0.19971467113946745
model,0.16658026820181132
color,0.028320138650128834
city,0.11673903009638062
state,0.003722793253755352
zip_code,0.00213048547928425
year_num,0.635880571144501
mileage_num,0.8960962861533351
