feature,importance
make,0.1224750908627154
model,0.045220213268863205
color,0.03158048162520819
city,0.07245770370621711
state,0.0011505296942982079
zip_code,0.0018669494623446692
year_num,0.6513000547036845
mileage_num,1.0185742375435027
