feature,importance
make,0.025816860292473875
model,0.2798013173745537
color,0.010260962026970355
city,0.028919238069698917
state,0.0
zip_code,0.0002238660438849127
year_num,0.3014458823457377
mileage_num,0.8353006711551529
