feature,importance
make,0.0610025270977508
model,0.37296606336213445
color,0.029875741760144337
city,0.04988949697626368
state,0.015520808537314256
zip_code,0.01353049358789853
year_num,0.2474314868100446
mileage_num,0.9975600094907628
