feature,importance
make,0.016948678602042966
model,0.0
color,0.008049373291550577
city,0.029308283040096784
state,0.0
zip_code,0.0
year_num,0.41499219811927174
mileage_num,0.6401629968910896
