feature,importance
make,0.13965212179325676
model,0.00483144739774144
color,0.043308392603953784
city,0.002378252074347942
state,0.0
zip_code,0.0009233862634929312
year_num,0.6575149193294852
mileage_num,0.6036399513925254
