feature,importance
make,0.0756509637629857
model,0.004721855456623336
color,0.021002638359170555
city,0.0
state,0.0
zip_code,0.0
year_num,0.7394743806365012
mileage_num,0.6003790103219512
