feature,importance
make,0.0940870263705558
model,0.0035997725698959427
color,0.04396687564752202
city,0.05590454733484736
state,0.0
zip_code,0.0018975264420812543
year_num,0.68956841234085
mileage_num,0.8723395122583286
