feature,importance
make,0.09520687095102713
model,0.024639390863663225
color,0.013771508808466426
city,0.031030743552230632
state,0.001549087693845408
zip_code,0.0015968890965318173
year_num,0.5133891684602399
mileage_num,1.1380041330413464
