feature,importance
make,0.07886401909705736
model,0.24311094112608728
color,0.021720692981800505
city,0.10504290136843997
state,0.0829348577932912
zip_code,0.0037508259173121726
year_num,0.5112937032053321
mileage_num,0.608656014795825
