feature,importance
make,0.1274749791338576
model,0.24092604121674333
color,0.03652928081271119
city,0.09462506636833232
state,0.0028771393623278074
zip_code,0.005008855214837515
year_num,0.6702966909658613
mileage_num,0.6053572298700114
