feature,importance
make,0.0876495376749036
model,0.24724745263655726
color,0.020197847614809694
city,0.06943153860009635
state,0.014011081607969511
zip_code,0.00261029009834548
year_num,0.3520440023719877
mileage_num,0.7572285303576727
