feature,importance
make,0.0686659295581461
model,0.8328365407496946
color,0.041199923445524235
city,0.04508668937958469
state,1.502870555603053e-06
zip_code,0.00800637943391489
year_num,0.48378708880064725
mileage_num,0.5022471003782453
