feature,importance
make,0.06417103433999935
model,0.3123935546030058
color,0.027118488618332083
city,0.03778764960644452
state,0.014603336441104231
zip_code,0.001195781848997779
year_num,0.45157015755818086
mileage_num,0.7301884277655745
