feature,importance
make,0.10785019513650733
model,0.46730160847152014
color,0.07377624870157003
city,0.12356957651380462
state,0.011124105254379613
zip_code,0.001000492092250349
year_num,0.6331296995927838
mileage_num,0.8061179956930206
