feature,importance
make,0.07650257078356988
model,0.05315164448358685
color,0.01460983515543568
city,0.02898423956761307
state,0.0021469334104818215
zip_code,0.00040767106223884577
year_num,0.48030066562522755
mileage_num,1.069717881409105
