feature,importance
make,0.5374782864763004
model,0.02732894498026219
color,0.04229536590895715
city,0.0
state,0.0
zip_code,0.0
year_num,1.6885346361504296
mileage_num,0.42977521584727585
