feature,importance
make,0.06591446427486061
model,0.0
color,0.0
city,0.03712834020095148
state,0.0
zip_code,0.0
year_num,0.3682533406266985
mileage_num,0.9515898840165289
