feature,importance
make,0.14595433009514575
model,0.4805994917450356
color,0.09784647499895956
city,0.11453726191405997
state,0.006918035607216266
zip_code,0.003978852214336559
year_num,0.6689945753046134
mileage_num,0.8183388234654887
