feature,importance
make,0.12638499638923806
model,0.28310609426640704
color,0.040032627913085796
city,0.13074060765715828
state,0.06188445194367598
zip_code,0.0026102241688076957
year_num,0.7401608416517769
mileage_num,0.6666904562993642
