feature,importance
make,0.007665342507007011
model,0.0
color,0.024208336080047865
city,0.033200685663518525
state,0.0
zip_code,0.0
year_num,0.4813909035519928
mileage_num,0.5018198093947236
