feature,importance
make,0.0
model,0.0
color,0.016233343120680678
city,0.001543776089394222
state,0.0
zip_code,0.0
year_num,0.31661301760427046
mileage_num,0.4495443680894975
