feature,importance
make,0.08292332263145441
model,0.2237856767619273
color,0.009755973401395824
city,0.09150689938842145
state,0.00163259024430209
zip_code,0.00852249341316833
year_num,0.652747233327404
mileage_num,0.6395085787342752
