feature,importance
make,0.11225238078825003
model,0.04762278026061055
color,0.034301301432282494
city,0.010065414126667126
state,0.021040182867386847
zip_code,0.0009051223774792838
year_num,0.7146328551834598
mileage_num,0.7139356443698629
