feature,importance
make,0.16004730901298236
model,0.23569494722951373
color,0.013496477840641475
city,0.07790216048659082
state,0.0
zip_code,0.000612183924485743
year_num,0.6839130948524251
mileage_num,0.8193584699322404
