feature,importance
make,0.02760974485495866
model,0.2101564629590718
color,0.0048046640758406586
city,0.07656953659223723
state,0.00206472641090234
zip_code,0.0
year_num,0.5322337640218612
mileage_num,0.6934261254804353
