feature,importance
make,0.011506246947013587
model,0.0
color,0.014690525037434865
city,0.0
state,0.0
zip_code,0.0
year_num,0.7825535024914189
mileage_num,0.19698946863083727
