feature,importance
make,0.24797647435431788
model,0.22042624658048507
color,0.012085286087551949
city,0.08895626165024106
state,0.08355967186588809
zip_code,0.001158546750886491
year_num,0.7051206253416857
mileage_num,0.5841178396736394
