feature,importance
make,0.11344924787832023
model,0.7869317682156318
color,0.04788471142330042
city,0.02791340564984124
state,0.0
zip_code,0.0026781708072716624
year_num,0.5074660476814319
mileage_num,0.5239352612591109
