feature,importance
make,0.1427861389992214
model,0.3680495273516583
color,0.04105009430677746
city,0.023261146530261477
state,0.0593788513614637
zip_code,0.0014122340765801767
year_num,0.5095243925590619
mileage_num,0.7268796006699055
