feature,importance
make,0.07389857991781565
model,0.26180745188580046
color,0.021846851245783783
city,0.08943577674007482
state,0.00025674561206046054
zip_code,0.005722192413722826
year_num,0.6389122201321371
mileage_num,0.7483615149854078
