feature,importance
make,0.0463661662666202
model,0.35026975567480567
color,0.029179177439085758
city,0.09584000660928063
state,0.0443090012329642
zip_code,0.0028572398850079004
year_num,0.4529544152672818
mileage_num,0.6730766113296897
