feature,importance
make,0.13252761526915624
model,0.08141928852437008
color,0.03148824369983261
city,0.0381429831754434
state,0.002636358897783353
zip_code,0.001756863479225812
year_num,0.5959035482532522
mileage_num,1.0492442335380952
