feature,importance
make,0.008212294852410772
model,0.0
color,0.006682525979591514
city,0.04971273835099579
state,0.018911903081232827
zip_code,0.0015264708500223767
year_num,0.30257592662925087
mileage_num,0.5967192554421329
