feature,importance
make,0.07858746419862879
model,0.5392072479330224
color,0.07502780471807094
city,0.01671535148644867
state,0.003788025850800558
zip_code,0.00011512853569422
year_num,0.5133449958751919
mileage_num,0.8271776027952209
