feature,importance
make,0.1869405191357481
model,0.3395337147166281
color,0.010540371385148739
city,0.024235057664605097
state,0.21545688825551212
zip_code,0.0005497251406905823
year_num,0.6269428754383686
mileage_num,0.532396858154829
