feature,importance
make,0.095116885444951
model,0.053558700252776384
color,0.07277320678034205
city,0.10137900540753549
state,0.0
zip_code,0.0
year_num,1.0894694831563778
mileage_num,0.5713770946968021
