feature,importance
make,0.0854893090675775
model,0.4852773799393092
color,0.08702141530949303
city,0.12960307939104643
state,0.006244954507118284
zip_code,0.0
year_num,0.618847676882069
mileage_num,0.7315779358110398
