feature,importance
make,0.2971071191385618
model,0.005674773378157827
color,0.029551307838541385
city,0.0
state,0.0
zip_code,0.0
year_num,1.2700093551557312
mileage_num,0.22544337724062186
