feature,importance
make,0.19329742122875979
model,0.8359278483098518
color,0.0864064815563799
city,0.04205546994388876
state,0.0009175051777940757
zip_code,0.0006680708399099844
year_num,0.5468031157291653
mileage_num,0.531830397336598
