feature,importance
make,0.09156476665924373
model,0.2901785321555603
color,0.04278484751145752
city,0.13081380212268157
state,0.00031350794896567447
zip_code,0.0016782967311068208
year_num,0.708221477344869
mileage_num,0.6408963691291476
