feature,importance
make,0.15032161767895816
model,0.1398128721218615
color,0.0007263069123350175
city,0.005058080552955824
state,0.0024573672705882287
zip_code,-5.6149452418163825e-05
year_num,0.8507583631316139
mileage_num,0.5780951123256151
