feature,importance
make,0.15209170866671518
model,0.0009048438100819789
color,0.014215173449717677
city,0.029294673100971714
state,0.0
zip_code,0.0
year_num,0.48842810358252153
mileage_num,0.4393665141816946
