feature,importance
make,0.11150832395836256
model,0.1811859711223235
color,0.06505384022503873
city,0.002013979080156325
state,0.0
zip_code,0.0007137385610990643
year_num,0.7771187183649535
mileage_num,0.6581604808311161
