feature,importance
make,0.041324331444002625
model,0.2008301463263856
color,0.013719626864549351
city,0.08903189860803859
state,0.03029300651632034
zip_code,0.0008910729379597359
year_num,0.4676854626073993
mileage_num,0.5943507040721903
