feature,importance
make,0.07043355537124871
model,0.002681849692050986
color,0.0026008025393799315
city,0.004638045558377502
state,0.0
zip_code,0.0
year_num,0.4857180913687224
mileage_num,0.6802523917132015
