feature,importance
make,0.11684368388209103
model,0.04548054372412384
color,0.02798324995293422
city,0.04337249228648821
state,0.0020396297797850905
zip_code,0.0019469763578590983
year_num,0.4744787846016676
mileage_num,1.2201946107178512
