feature,importance
make,0.1247455931021952
model,0.09521584941760827
color,0.02511718261265894
city,0.038829822044881813
state,0.016311806885802672
zip_code,0.0019193231241858566
year_num,0.7938869469834241
mileage_num,0.8665821608850282
