feature,importance
make,0.14569629408235435
model,0.0273610501394705
color,0.07388058618470121
city,0.0005388434042391977
state,0.0
zip_code,0.001132459349838455
year_num,0.9011612513802663
mileage_num,0.7361218438802017
