feature,importance
make,0.19421208145262683
model,0.19634864771632635
color,0.020385464570517597
city,0.04140876377419365
state,0.016988180988104284
zip_code,0.0019077593515183454
year_num,0.6457425880902848
mileage_num,0.6840304616037967
