feature,importance
make,0.14566389970360258
model,0.18134113900156526
color,0.06156962997016839
city,0.08582764522009292
state,0.002939335473027338
zip_code,0.0023844907608741917
year_num,0.8467959986321769
mileage_num,0.6970987003367126
