feature,importance
make,0.1746001647252794
model,0.6464255564202918
color,0.01330614504672616
city,0.031775172191304525
state,0.00289714895575337
zip_code,0.0021851265541378505
year_num,0.4990038372332153
mileage_num,0.579450175232808
