feature,importance
make,0.04038386541616312
model,0.26668211259254837
color,0.025649712535679492
city,0.013032822898799612
state,0.0012193979709271164
zip_code,0.001231310978035971
year_num,0.3349502125589602
mileage_num,0.8735794002509827
