feature,importance
make,0.07325102910142685
model,0.20102080140090947
color,0.0053089107417931825
city,0.03454665695287893
state,0.0011151492711607204
zip_code,0.0
year_num,0.4351068005893454
mileage_num,0.6726699484452788
