feature,importance
make,0.20030548248095553
model,0.6920088008306472
color,0.012847169129469083
city,0.029299627612713652
state,0.002809186259061547
zip_code,0.0034824807234902664
year_num,0.5486821258666377
mileage_num,0.5869545865152139
