feature,importance
make,0.3056708021409572
model,0.0630559510651915
color,0.009429588334769345
city,0.01558743512552665
state,0.0
zip_code,0.004993240633456608
year_num,0.8981813534752906
mileage_num,0.8118341044854104
