feature,importance
make,0.0063041156911667565
model,0.0
color,0.04155584557648477
city,0.0
state,0.0
zip_code,0.0
year_num,0.9618704085272022
mileage_num,0.3597793232083416
